agent,group,model,fit_AS,Unnamed: 0,id,fit_DB,fit_VS,fit_SG,r2,lambda,beta,tau,par
1,0,AS,311.8382753950291,240,0,317.79572845117724,349.82744369122184,311.4646632177436,0.41943454586784956,1.3379424355511524,0.035356070551089504,0.07134181293977616,
1,0,DB,311.8382753950291,240,0,317.79572845117724,349.82744369122184,311.4646632177436,0.40834324723033544,1.350738276486714,0.03588945927183742,0.07348991618050471,0.21428570000000002
1,0,VS,311.8382753950291,240,0,317.79572845117724,349.82744369122184,311.4646632177436,0.34870814540901285,1.3428763312648262,0.006737946999085468,0.10321410943419426,0.116
1,0,SG,311.8382753950291,240,0,317.79572845117724,349.82744369122184,311.4646632177436,0.4201301189917719,1.317131980347632,0.030235690287731664,0.07015866349134435,18.999999999999996
4,0,AS,219.11522829881056,6960,1,231.3521447092353,264.58229474895245,221.86565702910195,0.6408643655509784,1.0467100916733154,0.006737946999085468,0.0639624193438228,
4,0,DB,219.11522829881056,6960,1,231.3521447092353,264.58229474895245,221.86565702910195,0.61403939465564,1.0681255091680306,0.006970797327479589,0.06641213662821267,0.21434707590430513
4,0,VS,219.11522829881056,6960,1,231.3521447092353,264.58229474895245,221.86565702910195,0.5434411717219432,0.8739567877661361,0.006737946999085468,0.07796933055433597,0.116
4,0,SG,219.11522829881056,6960,1,231.3521447092353,264.58229474895245,221.86565702910195,0.6413502211678316,1.0408458589192906,0.006737946999085468,0.06312432680915207,18.999999999999996
2,0,AS,192.9019993910805,20400,2,207.310456873327,245.2307773624387,192.6410324724116,0.406963299874021,0.7474633944025421,0.08647236872231288,0.0407356755281955,
2,0,DB,192.9019993910805,20400,2,207.310456873327,245.2307773624387,192.6410324724116,0.4062486461535848,0.7655415408290965,0.08019429659715763,0.04323074426379317,0.21428570000000002
2,0,VS,192.9019993910805,20400,2,207.310456873327,245.2307773624387,192.6410324724116,0.3409771763315437,0.6491622736302893,0.006737946999085468,0.06597035672129638,0.116
2,0,SG,192.9019993910805,20400,2,207.310456873327,245.2307773624387,192.6410324724116,0.4052916130864559,0.7514641945749555,0.054287438302404005,0.0452989570568554,18.986745264443513
3,0,AS,318.5369375614787,21360,3,318.9207984717332,353.97996783314494,319.43484824687107,0.5920618408262381,1.072346055728777,0.006737946999085468,0.07773343861870968,
3,0,DB,318.5369375614787,21360,3,318.9207984717332,353.97996783314494,319.43484824687107,0.569279740315979,1.0854732766517368,0.006741748273052638,0.0776155167470145,0.21428570000000002
3,0,VS,318.5369375614787,21360,3,318.9207984717332,353.97996783314494,319.43484824687107,0.5074134504121853,1.0159607516159692,0.006737946999085468,0.09801821827436662,0.116
3,0,SG,318.5369375614787,21360,3,318.9207984717332,353.97996783314494,319.43484824687107,0.5869412253314373,1.0369516058318582,0.006737946999085468,0.07668335545904996,18.999999999999996
3,1,AS,356.2585281643936,6000,4,360.6046205793006,361.4980943349171,358.8909168861297,0.21072202792279854,0.9962222028748513,0.38506527899152343,0.04096113020648069,
3,1,DB,356.2585281643936,6000,4,360.6046205793006,361.4980943349171,358.8909168861297,0.18878339023696566,1.0114679761561534,0.3828213882925699,0.04200980430279603,0.21428570000000002
3,1,VS,356.2585281643936,6000,4,360.6046205793006,361.4980943349171,358.8909168861297,0.21257968938583666,0.9903969281428279,0.379523885853733,0.04274868131444295,0.116
3,1,SG,356.2585281643936,6000,4,360.6046205793006,361.4980943349171,358.8909168861297,0.21015891286838134,0.9762260951147721,0.38933489887015954,0.04164624535696289,18.999999999999996
4,1,AS,434.7408420861775,24480,5,429.8945684047564,436.2228716893049,436.2456329052498,0.2618785953660499,1.1383008780215123,0.2196651893291838,0.0798708319866264,
4,1,DB,434.7408420861775,24480,5,429.8945684047564,436.2228716893049,436.2456329052498,0.2687189134332044,1.3706092294366288,0.13662310446303977,0.09573809733906648,0.24585993298032197
4,1,VS,434.7408420861775,24480,5,429.8945684047564,436.2228716893049,436.2456329052498,0.19985510295486508,1.3206650183231698,0.14476230138795987,0.09438691289763365,0.116
4,1,SG,434.7408420861775,24480,5,429.8945684047564,436.2228716893049,436.2456329052498,0.2639131822545799,1.4012137650472303,0.11646332501992193,0.10174192613055495,18.999999999999996
2,1,AS,396.4660732307615,25680,6,392.79194316664393,429.780661223932,395.3732385435702,0.33673506265321757,0.6571678710705766,0.4486837951413227,0.025535671079694643,
2,1,DB,396.4660732307615,25680,6,392.79194316664393,429.780661223932,395.3732385435702,0.32864371750527355,0.4427776671401457,0.5110658346913032,0.01344746297616931,0.21428570000000002
2,1,VS,396.4660732307615,25680,6,392.79194316664393,429.780661223932,395.3732385435702,0.326980291179472,1.1649599180575911,0.2724657644336157,0.06360968555999535,0.116
2,1,SG,396.4660732307615,25680,6,392.79194316664393,429.780661223932,395.3732385435702,0.3318342083506111,0.8955664018325088,0.36783933529348833,0.04480991023447163,18.999999999999996
1,1,AS,384.69480610508015,27120,7,396.2188548260133,387.10367659048114,384.9828233192996,0.1906204775670125,1.0058148662483641,0.33802667107577733,0.05406409296397706,
1,1,DB,384.69480610508015,27120,7,396.2188548260133,387.10367659048114,384.9828233192996,0.1996430360619203,1.2072850153902985,0.2879812732583042,0.06269118974404517,0.21428570000000002
1,1,VS,384.69480610508015,27120,7,396.2188548260133,387.10367659048114,384.9828233192996,0.18786130636364734,1.2948399468738852,0.2475255553339188,0.06645822419952573,0.116
1,1,SG,384.69480610508015,27120,7,396.2188548260133,387.10367659048114,384.9828233192996,0.18781893063008834,1.124325730441475,0.3077859653877664,0.060405062938343995,18.999999999999996
4,2,AS,360.800725721654,4320,8,361.7347376716396,396.396680507481,371.15784480017305,0.2928597580448994,0.527957514228315,0.45989910237260107,0.015990678810186502,
4,2,DB,360.800725721654,4320,8,361.7347376716396,396.396680507481,371.15784480017305,0.2692067136418081,0.2950556046317798,0.5262949228166315,0.0005664242177107298,0.21428570000000002
4,2,VS,360.800725721654,4320,8,361.7347376716396,396.396680507481,371.15784480017305,0.2877540136196842,1.7338374530891456,0.11102441425083287,0.0977971124911821,0.116
4,2,SG,360.800725721654,4320,8,361.7347376716396,396.396680507481,371.15784480017305,0.2884360754119725,0.7187179434589734,0.4475942452433437,0.03232611299274333,18.999999999999996
1,2,AS,379.8252065192774,20160,9,392.529931752245,382.56764757365767,382.2012927182211,0.28585059005948793,1.1673334706305198,0.2991188847109769,0.0665955502540833,
1,2,DB,379.8252065192774,20160,9,392.529931752245,382.56764757365767,382.2012927182211,0.27254107411684025,1.66261423937554,0.15191550130990425,0.09400542458895082,0.21428570000000002
1,2,VS,379.8252065192774,20160,9,392.529931752245,382.56764757365767,382.2012927182211,0.29441647848093266,2.1368460119024375,0.006737946999085468,0.11520255610030443,0.116
1,2,SG,379.8252065192774,20160,9,392.529931752245,382.56764757365767,382.2012927182211,0.2832301681230974,1.80387662882536,0.10766383565752109,0.09765129572371713,18.999999999999996
2,2,AS,383.5900306936543,23040,10,390.7389515747668,378.9890475425598,384.9975341054321,0.2967333576371359,0.6120356659152141,0.4874345664825035,0.03043830762085519,
2,2,DB,383.5900306936543,23040,10,390.7389515747668,378.9890475425598,384.9975341054321,0.28893973974649895,0.587515388546187,0.5020104904259731,0.029056118018608093,0.21428570000000002
2,2,VS,383.5900306936543,23040,10,390.7389515747668,378.9890475425598,384.9975341054321,0.27899543517683734,0.6440474027049352,0.46503252941227613,0.03248590715317679,0.116
2,2,SG,383.5900306936543,23040,10,390.7389515747668,378.9890475425598,384.9975341054321,0.29660722011701823,0.7261461523736528,0.44767175129223086,0.0395302012254961,18.999999999999996
3,2,AS,377.7445856214674,29280,11,381.9307602290094,387.27213003483376,377.8123376836271,0.328278618413817,0.8212883493098508,0.39955682228629574,0.04901104486984925,
3,2,DB,377.7445856214674,29280,11,381.9307602290094,387.27213003483376,377.8123376836271,0.32653972003381126,0.8348308101976762,0.3936484795176508,0.05080688973956157,0.21428570000000002
3,2,VS,377.7445856214674,29280,11,381.9307602290094,387.27213003483376,377.8123376836271,0.2620077873898763,0.985622016194232,0.32077894939254104,0.05752229459587056,0.116
3,2,SG,377.7445856214674,29280,11,381.9307602290094,387.27213003483376,377.8123376836271,0.30899623387104713,0.8031531617968046,0.40499096535761314,0.04762598387923344,15.696749944429863
2,4,AS,397.0120860984291,10560,12,402.3815409638737,406.2540088604275,397.33322801480136,0.2831180893281361,1.3200628667831018,0.20660580283785096,0.07355469890433977,
2,4,DB,397.0120860984291,10560,12,402.3815409638737,406.2540088604275,397.33322801480136,0.26221889830694645,1.3059949261034733,0.20866547362271431,0.07300953938243568,0.21428570000000002
2,4,VS,397.0120860984291,10560,12,402.3815409638737,406.2540088604275,397.33322801480136,0.21431571733428126,1.9607482847894326,0.006737946999085468,0.11129302290246161,0.116
2,4,SG,397.0120860984291,10560,12,402.3815409638737,406.2540088604275,397.33322801480136,0.241373581991302,0.8923955592000699,0.3396571121921788,0.054899651142342895,18.999999999999996
1,4,AS,385.0577348250586,12960,13,396.2832868085833,422.0134525188077,407.479901150116,0.26086205495555037,0.8132041787721732,0.4417402046001292,0.0419067365785986,
1,4,DB,385.0577348250586,12960,13,396.2832868085833,422.0134525188077,407.479901150116,0.2508654629770643,0.8125792531915752,0.44689626153353845,0.042716920753672935,0.21428570000000002
1,4,VS,385.0577348250586,12960,13,396.2832868085833,422.0134525188077,407.479901150116,0.24365588910378994,2.1714220206699673,0.05486425197741188,0.11622815809533998,0.116
1,4,SG,385.0577348250586,12960,13,396.2832868085833,422.0134525188077,407.479901150116,0.2602641684315716,1.9767075644679104,0.12807473324332605,0.10000031874921564,18.999999999999996
3,4,AS,323.0067151534201,18480,14,325.2849389229187,324.1864185482888,325.40326797768586,0.39864168363160213,1.2612273547417154,0.1883773279321909,0.05732505214429218,
3,4,DB,323.0067151534201,18480,14,325.2849389229187,324.1864185482888,325.40326797768586,0.3944001965477022,1.285847356880822,0.18867255512666278,0.0578957134968661,0.21428570000000002
3,4,VS,323.0067151534201,18480,14,325.2849389229187,324.1864185482888,325.40326797768586,0.3964453687747566,1.1735807766729884,0.19843593520896266,0.055119568336394274,0.11721513005749712
3,4,SG,323.0067151534201,18480,14,325.2849389229187,324.1864185482888,325.40326797768586,0.39417989722321783,1.171044125293605,0.18890967461206476,0.056638950185914035,18.999999999999996
4,4,AS,396.0485277490049,22080,15,400.3736189507953,410.9867312300382,396.6430497554039,0.26265596139634145,0.8372533588728766,0.45614176549851976,0.05019721664170027,
4,4,DB,396.0485277490049,22080,15,400.3736189507953,410.9867312300382,396.6430497554039,0.2546037152936157,0.8482810470521839,0.45227795587318564,0.05243945787342723,0.21428570000000002
4,4,VS,396.0485277490049,22080,15,400.3736189507953,410.9867312300382,396.6430497554039,0.23484473496206765,0.85297348189995,0.4123219933172103,0.06061481357066699,0.116
4,4,SG,396.0485277490049,22080,15,400.3736189507953,410.9867312300382,396.6430497554039,0.26154910901204276,0.8001452854776226,0.459852650515917,0.050122164278370754,18.999999999999996
4,6,AS,387.50177920262377,480,16,389.9979536082344,386.6589786364878,388.0802308837271,0.17862451956878844,0.9283893744431546,0.4384781410002265,0.04904176146094984,
4,6,DB,387.50177920262377,480,16,389.9979536082344,386.6589786364878,388.0802308837271,0.17179754175403156,0.9394845253756833,0.4339609794856678,0.050261971055949595,0.21428570000000002
4,6,VS,387.50177920262377,480,16,389.9979536082344,386.6589786364878,388.0802308837271,0.1779744368278613,1.0078777288498797,0.4002650430836728,0.04953848534670336,0.116
4,6,SG,387.50177920262377,480,16,389.9979536082344,386.6589786364878,388.0802308837271,0.1634572786491767,0.9043792237356028,0.4460475192810188,0.04811544498087243,18.999999999999996
1,6,AS,436.88800183624375,5040,17,440.4110015639908,437.0760875105137,444.4916760134122,0.2853845398263126,0.5163424475944606,0.5633452110091515,0.027387766686545887,
1,6,DB,436.88800183624375,5040,17,440.4110015639908,437.0760875105137,444.4916760134122,0.2773028275059887,0.656731155187501,0.42638894081423184,0.04635768033841753,0.21428570000000002
1,6,VS,436.88800183624375,5040,17,440.4110015639908,437.0760875105137,444.4916760134122,0.2621565408543517,0.6990913937365191,0.4062826341754427,0.05130656331093283,0.116
1,6,SG,436.88800183624375,5040,17,440.4110015639908,437.0760875105137,444.4916760134122,0.2799791425161856,0.9036214980924604,0.3256382395248814,0.06927285498258205,18.019386630674404
3,6,AS,383.1350574611062,5520,18,388.2940725649778,387.73269255988185,387.3000179399722,0.286697637270218,0.8950543865975857,0.37493810007635164,0.04987896549562637,
3,6,DB,383.1350574611062,5520,18,388.2940725649778,387.73269255988185,387.3000179399722,0.277092831885569,0.9021822210341209,0.37274681021177153,0.05195290297544477,0.21428570000000002
3,6,VS,383.1350574611062,5520,18,388.2940725649778,387.73269255988185,387.3000179399722,0.27813798209102847,0.8970220225910716,0.3692729254580548,0.05068212004863651,0.116
3,6,SG,383.1350574611062,5520,18,388.2940725649778,387.73269255988185,387.3000179399722,0.27894351482071367,0.8592412894770074,0.37770539696598376,0.04996351432175816,18.999999999999996
2,6,AS,383.84035957548224,11280,19,388.1812779237429,396.3167807761226,386.7437527467736,0.2785678854374085,0.8941556554233002,0.40418215508420063,0.053641365327682725,
2,6,DB,383.84035957548224,11280,19,388.1812779237429,396.3167807761226,386.7437527467736,0.27392062837587394,0.9184159889812419,0.3947185784288145,0.05574133499072244,0.21428570000000002
2,6,VS,383.84035957548224,11280,19,388.1812779237429,396.3167807761226,386.7437527467736,0.2801369708641469,1.1993567639443545,0.2892431868673978,0.06991938938227761,0.116
2,6,SG,383.84035957548224,11280,19,388.1812779237429,396.3167807761226,386.7437527467736,0.2774909520093109,1.0292449505465617,0.354629439869688,0.0604469324423942,18.999999999999996
3,8,AS,386.08958624185567,7440,20,383.5199496479884,390.86317288330446,389.50616770167954,0.2663271642854494,1.0130051265380455,0.35614329010249857,0.05116836305628523,
3,8,DB,386.08958624185567,7440,20,383.5199496479884,390.86317288330446,389.50616770167954,0.2554537695399168,1.1191731911010216,0.3340297104628582,0.05164830688442396,0.21428570000000002
3,8,VS,386.08958624185567,7440,20,383.5199496479884,390.86317288330446,389.50616770167954,0.27101096361053734,1.0904856998182841,0.2818878257784999,0.05892996473670948,0.116
3,8,SG,386.08958624185567,7440,20,383.5199496479884,390.86317288330446,389.50616770167954,0.2785843196797971,0.8966163738744496,0.3849085464625393,0.04988691493477062,18.999999999999996
2,8,AS,417.83166376333503,8880,21,414.5221858023561,417.2714613502699,404.7517672976705,0.22210116985716422,1.629665624741177,0.06073567505880742,0.10154810102925506,
2,8,DB,417.83166376333503,8880,21,414.5221858023561,417.2714613502699,404.7517672976705,0.22826259623409678,1.681972249327568,0.05087174312022453,0.10542483766590591,0.2187359408439522
2,8,VS,417.83166376333503,8880,21,414.5221858023561,417.2714613502699,404.7517672976705,0.22314412767860253,1.5999165210955213,0.07159020217258842,0.0989597323380575,0.116
2,8,SG,417.83166376333503,8880,21,414.5221858023561,417.2714613502699,404.7517672976705,0.2464526899583143,1.761262415667772,0.006737946999085468,0.11157037315111538,18.999999999999996
1,8,AS,394.0766198970712,13680,22,399.91703055361785,391.5608175987495,387.4929519019855,0.2811970381498264,0.8000862258860089,0.3696461174779861,0.03694185409668827,
1,8,DB,394.0766198970712,13680,22,399.91703055361785,391.5608175987495,387.4929519019855,0.28598106356871794,0.9766845362863306,0.3204888584470837,0.04500758037717764,0.21428570000000002
1,8,VS,394.0766198970712,13680,22,399.91703055361785,391.5608175987495,387.4929519019855,0.2723098048786023,2.0856992712745686,0.006737946999085468,0.0985746231113514,0.116
1,8,SG,394.0766198970712,13680,22,399.91703055361785,391.5608175987495,387.4929519019855,0.27483621164676364,1.4948941165845944,0.16242794050291745,0.06988049599518381,18.999999999999996
4,8,AS,389.4494305438213,20880,23,395.61026703140624,407.9655835272084,390.10555037403634,0.2749418421495502,0.7083292472915047,0.487957975030131,0.04179532356073325,
4,8,DB,389.4494305438213,20880,23,395.61026703140624,407.9655835272084,390.10555037403634,0.26347189405316046,0.6628716333102423,1.560020932546785,0.03807090554577746,0.21428570000000002
4,8,VS,389.4494305438213,20880,23,395.61026703140624,407.9655835272084,390.10555037403634,0.24046936197705437,0.8361529267344987,0.3817672338878189,0.054373714024637254,0.116
4,8,SG,389.4494305438213,20880,23,395.61026703140624,407.9655835272084,390.10555037403634,0.2737203099091242,0.6734085128200987,0.5430850596536815,0.03795614614541189,17.873221469672593
3,16,AS,387.2293403950407,5760,24,386.09625565948863,392.9625648796506,392.1121770307992,0.33052478841604865,0.8013433854291452,0.4181264146313753,0.0496794602522749,
3,16,DB,387.2293403950407,5760,24,386.09625565948863,392.9625648796506,392.1121770307992,0.32356879443363584,0.8248709919296475,0.40853292706282024,0.050599538424402846,0.21428570000000002
3,16,VS,387.2293403950407,5760,24,386.09625565948863,392.9625648796506,392.1121770307992,0.3308172944514498,1.1321763417627275,0.28485934229813853,0.06840544141404292,0.116
3,16,SG,387.2293403950407,5760,24,386.09625565948863,392.9625648796506,392.1121770307992,0.3288237064499441,1.127517959641934,0.3167321024816552,0.06432128175261743,8.561659974081708
1,16,AS,359.59424370527745,18240,25,363.33050660499873,359.4371303652175,360.5079433800344,0.24683391908227997,1.1661043218956206,0.2154234281148948,0.06571329061339501,
1,16,DB,359.59424370527745,18240,25,363.33050660499873,359.4371303652175,360.5079433800344,0.2427530342823166,1.2008955242094772,0.20473815127089642,0.0691093158066013,0.21428570000000002
1,16,VS,359.59424370527745,18240,25,363.33050660499873,359.4371303652175,360.5079433800344,0.24853897313043521,1.1663065718574603,0.21660610935642072,0.06399484552424291,0.116
1,16,SG,359.59424370527745,18240,25,363.33050660499873,359.4371303652175,360.5079433800344,0.23581283742200937,1.1445700829117058,0.2158020941395764,0.06519973229215181,18.999999999999996
2,16,AS,404.5469982544873,19200,26,406.7389579535167,403.6311650610935,410.4667357680879,0.2790750988634941,1.7742338443080703,0.06141857584348408,0.11016099293123005,
2,16,DB,404.5469982544873,19200,26,406.7389579535167,403.6311650610935,410.4667357680879,0.28118462134989386,1.607585319172018,0.11295113102027216,0.10173910056325289,0.21428570000000002
2,16,VS,404.5469982544873,19200,26,406.7389579535167,403.6311650610935,410.4667357680879,0.26840125816086496,1.7786647096816595,0.050507893863732056,0.1099288416569817,0.116
2,16,SG,404.5469982544873,19200,26,406.7389579535167,403.6311650610935,410.4667357680879,0.2699844692244569,1.2790191095909045,0.21280180199048668,0.08218768064051757,18.999999999999996
4,16,AS,392.9399657991189,19680,27,398.15777970961767,396.9249591402135,387.5396690892013,0.26844333203853515,0.6666546542858394,0.47088189310135,0.04106703518379913,
4,16,DB,392.9399657991189,19680,27,398.15777970961767,396.9249591402135,387.5396690892013,0.2587290578729011,0.6867292947848531,0.46140077160227566,0.04419414825069665,0.21428570000000002
4,16,VS,392.9399657991189,19680,27,398.15777970961767,396.9249591402135,387.5396690892013,0.2610242637222569,1.0221141103598506,0.29611382682273896,0.06893163602116453,0.116
4,16,SG,392.9399657991189,19680,27,398.15777970961767,396.9249591402135,387.5396690892013,0.27849734387486286,0.5909350385669846,0.4967348579386986,0.033367795938003146,11.21787782048706
2,19,AS,355.3912893162243,6720,28,357.7093457705281,359.0310592668269,360.19932582413173,0.4231695899581414,1.5052115349567763,0.03798443268831741,0.08342593512491034,
2,19,DB,355.3912893162243,6720,28,357.7093457705281,359.0310592668269,360.19932582413173,0.41159780148341396,1.5323925890759704,0.0435636528170623,0.08352286990716816,0.21428570000000002
2,19,VS,355.3912893162243,6720,28,357.7093457705281,359.0310592668269,360.19932582413173,0.3719444959072873,1.5106057448910977,0.006737946999085468,0.09560189014318729,0.116
2,19,SG,355.3912893162243,6720,28,357.7093457705281,359.0310592668269,360.19932582413173,0.424501962959646,1.301026900241446,0.0832915865691702,0.07428216148836925,16.827830098599904
3,19,AS,357.39922766227016,10800,29,357.5253847651136,381.92521660187856,354.159792495642,0.3383496460942356,1.0717663597329057,0.33554576000217895,0.05690649750421544,
3,19,DB,357.39922766227016,10800,29,357.5253847651136,381.92521660187856,354.159792495642,0.3340340004397948,0.9568787423795121,0.36776559933337305,0.05402928411698993,0.21428570000000002
3,19,VS,357.39922766227016,10800,29,357.5253847651136,381.92521660187856,354.159792495642,0.3315732980284591,2.127463227067085,0.006737946999085468,0.11347015995776086,0.116
3,19,SG,357.39922766227016,10800,29,357.5253847651136,381.92521660187856,354.159792495642,0.32939827572393326,1.202705118803307,0.2875284863536309,0.06351755564065814,17.59254595186861
4,19,AS,410.2287937720076,21120,30,413.4755320874195,416.6100538721955,404.01867250991,0.3286897317811659,0.748149732519969,0.28823617329482953,0.04908598239911394,
4,19,DB,410.2287937720076,21120,30,413.4755320874195,416.6100538721955,404.01867250991,0.32829482390147274,0.7512818979587403,0.29231815630967267,0.046833340137857456,0.21911174554111368
4,19,VS,410.2287937720076,21120,30,413.4755320874195,416.6100538721955,404.01867250991,0.28245784645275707,1.4347137517071014,0.0380732910749155,0.11536968220303279,0.116
4,19,SG,410.2287937720076,21120,30,413.4755320874195,416.6100538721955,404.01867250991,0.3341823009195116,0.6275391180180603,0.31646222454763295,0.03954012697615289,8.811350669798935
1,19,AS,309.83207661184093,31440,31,316.04761447326814,337.3465366474366,309.11642104533263,0.23625582634899864,1.2385613210932145,0.006737946999085468,0.07218039509954816,
1,19,DB,309.83207661184093,31440,31,316.04761447326814,337.3465366474366,309.11642104533263,0.2302112056168338,1.2649942304574044,0.006737946999085468,0.07451999032955199,0.21428570000000002
1,19,VS,309.83207661184093,31440,31,316.04761447326814,337.3465366474366,309.11642104533263,0.22437550420667052,1.1144566528073065,0.0067568504473300706,0.08724252804507382,0.11611755796916678
1,19,SG,309.83207661184093,31440,31,316.04761447326814,337.3465366474366,309.11642104533263,0.24781753046045915,1.2137825635205561,0.006737946999085468,0.0709559750745394,18.999999999999996
3,23,AS,336.501256666538,22560,32,338.8927506170209,350.92611124945506,337.7770809435199,0.41122489946275087,1.5970405355486514,0.08571830850957331,0.07740690329824151,
3,23,DB,336.501256666538,22560,32,338.8927506170209,350.92611124945506,337.7770809435199,0.39302715385362447,1.6034588451910776,0.08375803898654796,0.07895004902741148,0.21428570000000002
3,23,VS,336.501256666538,22560,32,338.8927506170209,350.92611124945506,337.7770809435199,0.3840284898924693,1.6858366971246814,0.012246968136159003,0.10219290324162773,0.116
3,23,SG,336.501256666538,22560,32,338.8927506170209,350.92611124945506,337.7770809435199,0.3963943400881032,1.567354404502367,0.07734019387199852,0.0788934655716001,18.999999999999996
2,23,AS,397.9336958012254,26640,33,396.2387335069616,399.5771245902181,394.00178993753576,0.25170211224768274,0.8265189241588831,0.32944510509448144,0.05620806430394715,
2,23,DB,397.9336958012254,26640,33,396.2387335069616,399.5771245902181,394.00178993753576,0.25550827088640404,0.8633902493891349,0.3267447924732413,0.057270018462860506,0.2329622765747396
2,23,VS,397.9336958012254,26640,33,396.2387335069616,399.5771245902181,394.00178993753576,0.2481305720188806,1.0672739301210794,0.26469705008976124,0.078873382541571,0.116
2,23,SG,397.9336958012254,26640,33,396.2387335069616,399.5771245902181,394.00178993753576,0.2585785862459773,0.6684662322644637,0.36639516313810905,0.04209820354558639,7.630477276994455
4,23,AS,360.4509775796281,28800,34,363.7492446142148,376.483357656357,362.1540251073638,0.3673658853754846,1.3803457254978555,0.1870051492444125,0.06897393460980485,
4,23,DB,360.4509775796281,28800,34,363.7492446142148,376.483357656357,362.1540251073638,0.36291271274188175,1.4032185887408684,0.17889594688636218,0.07183243284594087,0.21428570000000002
4,23,VS,360.4509775796281,28800,34,363.7492446142148,376.483357656357,362.1540251073638,0.33876318411811246,1.8072790353430894,0.009691999121164818,0.11793190774476629,0.116
4,23,SG,360.4509775796281,28800,34,363.7492446142148,376.483357656357,362.1540251073638,0.36504293104159186,1.384540243886885,0.17839404831728817,0.0708164345620293,18.999999999999996
1,23,AS,316.2479107916027,29520,35,326.0224393420661,330.855878587432,324.2138275123055,0.3246628261156618,1.4355135100481917,0.1261012198330882,0.05992238516006893,
1,23,DB,316.2479107916027,29520,35,326.0224393420661,330.855878587432,324.2138275123055,0.3184610181889972,1.4551171381454455,0.12671797664907883,0.06167384245112527,0.21648493541111025
1,23,VS,316.2479107916027,29520,35,326.0224393420661,330.855878587432,324.2138275123055,0.29394505387087,1.6839710359520688,0.0069667093384093584,0.09256170237751093,0.116
1,23,SG,316.2479107916027,29520,35,326.0224393420661,330.855878587432,324.2138275123055,0.32154617270134267,1.192146660736974,0.16665423268250634,0.05281137718628356,17.416557981239578
4,25,AS,397.6913968773324,11520,36,404.2112644046794,406.6768807756139,399.7185287867808,0.3001966526787942,1.049867143359589,0.31727726440504456,0.06569356387470045,
4,25,DB,397.6913968773324,11520,36,404.2112644046794,406.6768807756139,399.7185287867808,0.29620331570835373,0.9317293249814999,0.35541012138167355,0.060797024048030585,0.21428570000000002
4,25,VS,397.6913968773324,11520,36,404.2112644046794,406.6768807756139,399.7185287867808,0.29541111226025807,1.4560595955039237,0.18144520879678905,0.08941123624228198,0.116
4,25,SG,397.6913968773324,11520,36,404.2112644046794,406.6768807756139,399.7185287867808,0.3000522216046585,1.0282238936511319,0.3172679022291121,0.06614406608548362,18.999999999999996
3,25,AS,402.1589595745861,18720,37,403.1179783061807,398.5524994607065,407.07440505065887,0.2613159132241893,1.2092765983295777,0.2524805876237932,0.05840080414519846,
3,25,DB,402.1589595745861,18720,37,403.1179783061807,398.5524994607065,407.07440505065887,0.2446725203156354,1.211569837878962,0.2534763529165617,0.06013791058166236,0.21428570000000002
3,25,VS,402.1589595745861,18720,37,403.1179783061807,398.5524994607065,407.07440505065887,0.20519463928478687,2.1368753238085527,0.006765534588243798,0.10469598337388752,0.116
3,25,SG,402.1589595745861,18720,37,403.1179783061807,398.5524994607065,407.07440505065887,0.2124810908348494,1.318814373317228,0.21587959298668158,0.06560168147625875,18.999999999999996
1,25,AS,372.4853646360451,21600,38,374.6054551869608,374.9664149271267,372.5470188808095,0.2448905148031542,1.0452492771158999,0.24824048788552755,0.05975763701090707,
1,25,DB,372.4853646360451,21600,38,374.6054551869608,374.9664149271267,372.5470188808095,0.24301408703184102,1.048269889771233,0.246774732141557,0.06071335742121487,0.21428570000000002
1,25,VS,372.4853646360451,21600,38,374.6054551869608,374.9664149271267,372.5470188808095,0.2513281382487604,1.0929874076405164,0.23686136082586312,0.06343386640360527,0.116
1,25,SG,372.4853646360451,21600,38,374.6054551869608,374.9664149271267,372.5470188808095,0.23523474589250426,1.0270970801354646,0.24585124062129182,0.05905626072810548,18.241639147071
2,25,AS,393.5603785098279,22320,39,402.459388558657,423.1896191262685,419.4023414140753,0.2595973469258795,0.7886053755401248,0.42532021714214646,0.04173357347475304,
2,25,DB,393.5603785098279,22320,39,402.459388558657,423.1896191262685,419.4023414140753,0.24745897216383123,0.9701344719030017,0.3661405128345926,0.05159288295693243,0.21428570000000002
2,25,VS,393.5603785098279,22320,39,402.459388558657,423.1896191262685,419.4023414140753,0.2428686065767527,1.9059570139738988,0.04768511382302512,0.10706969049629254,0.116
2,25,SG,393.5603785098279,22320,39,402.459388558657,423.1896191262685,419.4023414140753,0.2558233305511936,1.403194617032571,0.22366679093573227,0.07481692140129591,18.999999999999996
2,26,AS,893.5000053437861,7680,40,400.49506602495046,421.90624328184913,409.36882716653577,0.14569465843418586,1.0624918167141302,0.29905093534379346,0.058529626411336994,
2,26,DB,893.5000053437861,7680,40,400.49506602495046,421.90624328184913,409.36882716653577,0.14522264982591704,1.622103573483746,0.15606350314509806,0.09182955515219705,0.21428570000000002
2,26,VS,893.5000053437861,7680,40,400.49506602495046,421.90624328184913,409.36882716653577,0.16263833897918464,4.0224842660849935,0.006737946999085468,0.15610350448004764,0.116
2,26,SG,893.5000053437861,7680,40,400.49506602495046,421.90624328184913,409.36882716653577,0.16375735882876993,2.6368846461589026,0.10717128249818247,0.10266587768417065,15.116657925825391
3,26,AS,275.66529396768,8160,41,282.0849909084263,271.2417832519896,279.0673452507805,-0.6634751962772144,1.358142270762581,0.018799776537463554,0.06498335050701001,
3,26,DB,275.66529396768,8160,41,282.0849909084263,271.2417832519896,279.0673452507805,0.2543776109910869,1.4060794151687883,0.01713440150309626,0.06769985159539962,0.21428570000000002
3,26,VS,275.66529396768,8160,41,282.0849909084263,271.2417832519896,279.0673452507805,0.21451531431852938,1.3452834520393122,0.011814919240273862,0.06592358463915277,0.11637696361299645
3,26,SG,275.66529396768,8160,41,282.0849909084263,271.2417832519896,279.0673452507805,0.23785687067946695,1.3008098614227985,0.025855068025132877,0.06392177578206877,18.1878724162603
4,26,AS,435.8016040313932,9360,42,434.1961738373234,419.8403300121928,443.8395556077941,0.48347761560162217,1.1392501783018423,0.31798564827542947,0.05842990104003376,
4,26,DB,435.8016040313932,9360,42,434.1961738373234,419.8403300121928,443.8395556077941,0.471344903348189,1.1202521463367583,0.324064830071136,0.057907828820167276,0.21428570000000002
4,26,VS,435.8016040313932,9360,42,434.1961738373234,419.8403300121928,443.8395556077941,0.4917256046193804,2.165343704331871,0.013600523177429628,0.1463976543928652,0.116
4,26,SG,435.8016040313932,9360,42,434.1961738373234,419.8403300121928,443.8395556077941,0.4771409066621639,3.130474098419814,0.11965936045280673,0.11892601480608495,16.64203665624364
1,26,AS,458.8717817750221,9600,43,459.12531107017145,449.7708473629067,449.16978986362926,0.18864560216190013,1.5910274177329966,0.16679317042917904,0.11747715651091281,
1,26,DB,458.8717817750221,9600,43,459.12531107017145,449.7708473629067,449.16978986362926,0.19163451463108575,1.8003369096988011,0.06588551434086125,0.1377635729728826,0.21428570000000002
1,26,VS,458.8717817750221,9600,43,459.12531107017145,449.7708473629067,449.16978986362926,0.2183615319583502,2.0218487828572123,0.006737946999085468,0.16766188270711946,0.116
1,26,SG,458.8717817750221,9600,43,459.12531107017145,449.7708473629067,449.16978986362926,0.17368093176878055,1.8372187027492006,0.006737946999085468,0.15268170077334756,18.999999999999996
1,28,AS,416.6177604038545,14160,44,420.7636660211678,405.0405410729037,410.5353548105013,0.22436115655788788,0.8979788337369429,0.6705049723202798,0.05175221547530601,
1,28,DB,416.6177604038545,14160,44,420.7636660211678,405.0405410729037,410.5353548105013,0.21664250953017633,1.0612101121455444,2.835013788745251,0.05787606183152246,0.21428570000000002
1,28,VS,416.6177604038545,14160,44,420.7636660211678,405.0405410729037,410.5353548105013,0.24591506487766196,2.2236208624230667,0.12168418056327421,0.11015919514138532,0.16056356446442455
1,28,SG,416.6177604038545,14160,44,420.7636660211678,405.0405410729037,410.5353548105013,0.23568508579988923,1.4511809469282517,0.2950164756424815,0.07386137302074172,16.201568394107323
4,28,AS,370.6469701481906,14880,45,371.9550758202988,386.2948113010201,369.30190613463526,0.282572544666561,0.8710249041819473,0.42951793850313863,0.053262542245487016,
4,28,DB,370.6469701481906,14880,45,371.9550758202988,386.2948113010201,369.30190613463526,0.27551942242691774,0.85117460776461,0.43785629552750344,0.053176012068178964,0.21428570000000002
4,28,VS,370.6469701481906,14880,45,371.9550758202988,386.2948113010201,369.30190613463526,0.27774284908385016,1.4136923480347878,0.2574692351411377,0.07739171955719526,0.116
4,28,SG,370.6469701481906,14880,45,371.9550758202988,386.2948113010201,369.30190613463526,0.2854952782767194,0.8393505429923064,0.43321162409601716,0.05184461692179889,14.99265175460556
3,28,AS,394.36609283710783,16800,46,409.6785692313836,409.6136306139021,410.1348725845994,0.26578823753350256,0.9036006406777757,0.35541226247464336,0.05934135030297119,
3,28,DB,394.36609283710783,16800,46,409.6785692313836,409.6136306139021,410.1348725845994,0.23728020784898413,1.0377689666914032,0.3097785493542078,0.06923183226378472,0.21428570000000002
3,28,VS,394.36609283710783,16800,46,409.6785692313836,409.6136306139021,410.1348725845994,0.2374011074335559,1.0253489350225542,0.3238945315940256,0.06613850322003165,0.116
3,28,SG,394.36609283710783,16800,46,409.6785692313836,409.6136306139021,410.1348725845994,0.2364306842837765,1.2460368990030248,0.22858645064197644,0.0799904928477408,13.91808407184606
2,28,AS,381.8402348447342,27600,47,385.5826356516866,384.3943286953101,380.3262848377871,0.30386308941545404,1.1574735290848583,0.2890338320118858,0.059927237085075136,
2,28,DB,381.8402348447342,27600,47,385.5826356516866,384.3943286953101,380.3262848377871,0.3013131297132865,1.2206379095752014,0.2746758894831777,0.06311287022873445,0.21428570000000002
2,28,VS,381.8402348447342,27600,47,385.5826356516866,384.3943286953101,380.3262848377871,0.273703486076624,1.1494502183304363,0.29565205541934736,0.06050877523900596,0.116
2,28,SG,381.8402348447342,27600,47,385.5826356516866,384.3943286953101,380.3262848377871,0.30628878043015795,1.091408408111746,0.2989740562826577,0.05800392326933697,8.054646298378039
4,29,AS,420.2912715895162,10320,48,416.080700336274,435.36226638280647,424.3308179617805,0.13457295099816807,0.6757112162302922,0.4652811773361989,0.04410823154159386,
4,29,DB,420.2912715895162,10320,48,416.080700336274,435.36226638280647,424.3308179617805,0.1268386887395329,0.6471320918105679,0.4743129104083988,0.040857658665438105,0.23443795769332232
4,29,VS,420.2912715895162,10320,48,416.080700336274,435.36226638280647,424.3308179617805,0.1331139638087227,0.8989582261150791,0.3041811335900634,0.0703129187695077,0.116
4,29,SG,420.2912715895162,10320,48,416.080700336274,435.36226638280647,424.3308179617805,0.13488740315562714,0.837693754967815,0.3751401763862124,0.06041472688924537,18.999999999999996
3,29,AS,415.7203837308232,12720,49,418.64608218898815,427.3721428401766,420.93011980756415,0.26536939766799383,0.5061422811264292,0.5069550493053835,0.027727746950863896,
3,29,DB,415.7203837308232,12720,49,418.64608218898815,427.3721428401766,420.93011980756415,0.2599780604876044,0.5108055623657193,0.5611302398528409,0.029195341976650184,0.21428570000000002
3,29,VS,415.7203837308232,12720,49,418.64608218898815,427.3721428401766,420.93011980756415,0.21375484528813718,1.4375269629494265,0.1638349559712005,0.10015647776608957,0.16428707380089988
3,29,SG,415.7203837308232,12720,49,418.64608218898815,427.3721428401766,420.93011980756415,0.23337445563721163,1.073893225913985,0.3077053850373904,0.07358152560924441,10.338337924322229
1,29,AS,448.3579184268092,16320,50,452.1371460988034,449.2267221690277,448.33962414022176,0.22603184914700647,1.0009188946880774,0.4112240687286688,0.059980961328517116,
1,29,DB,448.3579184268092,16320,50,452.1371460988034,449.2267221690277,448.33962414022176,0.22058492493006565,1.005964713835749,0.40968626877766745,0.05997340748636805,0.21428570000000002
1,29,VS,448.3579184268092,16320,50,452.1371460988034,449.2267221690277,448.33962414022176,0.20433916626453805,2.0431337787863026,0.12356208781350247,0.11406651065621061,0.116
1,29,SG,448.3579184268092,16320,50,452.1371460988034,449.2267221690277,448.33962414022176,0.21633261390248665,1.6335291950679816,0.23501442922940313,0.09390224576460648,18.90931821207085
2,29,AS,394.5910636830259,24720,51,397.4869047573436,422.3147129027007,411.7764602188177,0.21752199068877975,0.31208049510637903,0.5169787415890887,0.001238123406513246,
2,29,DB,394.5910636830259,24720,51,397.4869047573436,422.3147129027007,411.7764602188177,0.2253610290771805,0.29106952102229255,0.5292399190667688,0.0005879163885323664,0.21428570000000002
2,29,VS,394.5910636830259,24720,51,397.4869047573436,422.3147129027007,411.7764602188177,0.18946353979686803,1.7605279780555478,0.05994924391111435,0.12006054351463072,0.116
2,29,SG,394.5910636830259,24720,51,397.4869047573436,422.3147129027007,411.7764602188177,0.21000135817139357,1.2409552035264977,0.2440881027513624,0.08095097122154502,18.999999999999996
4,30,AS,408.1626200673762,2400,52,409.6521652158601,405.8693598538601,408.9261979364985,0.26373136488369175,1.5284061228760426,0.046726339751832366,0.09465704209119802,
4,30,DB,408.1626200673762,2400,52,409.6521652158601,405.8693598538601,408.9261979364985,0.2575361454173094,1.5241965795335137,0.04611262582301273,0.09623797596517941,0.21428570000000002
4,30,VS,408.1626200673762,2400,52,409.6521652158601,405.8693598538601,408.9261979364985,0.23412958059049702,1.528349729948717,0.04316668745716914,0.09377663338175268,0.116
4,30,SG,408.1626200673762,2400,52,409.6521652158601,405.8693598538601,408.9261979364985,0.2505197746396939,1.5246195232920219,0.04658416165653919,0.09389010224686502,18.999999999999996
1,30,AS,392.38208211751856,25440,53,395.6491162935717,408.1028412193374,399.3779314521783,0.25902588436742885,0.36612340025425383,0.5125373715655509,0.006558991308179865,
1,30,DB,392.38208211751856,25440,53,395.6491162935717,408.1028412193374,399.3779314521783,0.25005527689056756,0.3513247266602668,0.5530052147812159,0.005844041801772285,0.21428570000000002
1,30,VS,392.38208211751856,25440,53,395.6491162935717,408.1028412193374,399.3779314521783,0.26050298823641294,0.760566320463056,0.3860108566255151,0.05275749821343922,0.116
1,30,SG,392.38208211751856,25440,53,395.6491162935717,408.1028412193374,399.3779314521783,0.2607755964573452,0.678252742612987,0.42279057520211255,0.04235031171806412,18.999999999999996
3,30,AS,397.7863655867231,27360,54,399.6821989161417,410.3667313052854,402.69338380913337,0.25942053876522025,0.6662265494924613,0.43633895817958024,0.033859418706954976,
3,30,DB,397.7863655867231,27360,54,399.6821989161417,410.3667313052854,402.69338380913337,0.2558909677513397,0.504605863205977,0.49572179248771975,0.023256791290635934,0.21428570000000002
3,30,VS,397.7863655867231,27360,54,399.6821989161417,410.3667313052854,402.69338380913337,0.23599902090538244,1.583274946435789,0.11166389136248421,0.10012999146251794,0.116
3,30,SG,397.7863655867231,27360,54,399.6821989161417,410.3667313052854,402.69338380913337,0.2502848890149786,1.0408643415283905,0.32520219437921594,0.06123869376002155,18.999999999999996
2,30,AS,397.9983457276502,29040,55,402.81671503453873,397.2049510814395,397.05852542543647,0.24010252885408925,0.7252490056710448,0.4500444768794605,0.04544725028347273,
2,30,DB,397.9983457276502,29040,55,402.81671503453873,397.2049510814395,397.05852542543647,0.23732936557102408,0.7183930676009597,0.4524256613820711,0.0468408784270257,0.21428570000000002
2,30,VS,397.9983457276502,29040,55,402.81671503453873,397.2049510814395,397.05852542543647,0.244372010063914,0.7432570045360276,0.4380146127115926,0.044532866417329564,0.116
2,30,SG,397.9983457276502,29040,55,402.81671503453873,397.2049510814395,397.05852542543647,0.23868093642195232,0.7286504365972504,0.4476870144810419,0.04467328574928973,17.58079032430861
2,32,AS,316.80762125144867,3360,56,319.8827590277772,321.26864182556443,317.74161175719314,0.17327969400025867,1.3890355324505574,0.049811306669129085,0.07165047771955299,
2,32,DB,316.80762125144867,3360,56,319.8827590277772,321.26864182556443,317.74161175719314,0.18673324718127027,1.4188991886912221,0.04608084235649155,0.07344621771090311,0.21428570000000002
2,32,VS,316.80762125144867,3360,56,319.8827590277772,321.26864182556443,317.74161175719314,0.13991181695391697,1.4433052592425768,0.006737946999085468,0.08181448031228723,0.116
2,32,SG,316.80762125144867,3360,56,319.8827590277772,321.26864182556443,317.74161175719314,0.16349728585668177,1.356735530268527,0.03728032624849888,0.0719268498476974,18.918751237860697
1,32,AS,444.0550718650372,3840,57,436.8287844722173,461.9779109827709,449.3094824797083,0.41018285753607797,0.5647293702504103,0.4438848801921077,0.020681063709499774,
1,32,DB,444.0550718650372,3840,57,436.8287844722173,461.9779109827709,449.3094824797083,0.40445771440741146,0.33195437425529734,0.5034934023131653,0.0056038342260896655,0.21428570000000002
1,32,VS,444.0550718650372,3840,57,436.8287844722173,461.9779109827709,449.3094824797083,0.4018775446868983,2.8895534025475893,0.006737946999085468,0.1698646884466981,0.116
1,32,SG,444.0550718650372,3840,57,436.8287844722173,461.9779109827709,449.3094824797083,0.40844399907992546,1.376041110791928,0.3604529532823219,0.06555875432677336,18.999999999999996
3,32,AS,319.81210821189126,5280,58,324.18986701011784,322.3688549750203,319.6625675644127,0.40458924868734436,1.2613578148729652,0.02956577325132042,0.0773923621653745,
3,32,DB,319.81210821189126,5280,58,324.18986701011784,322.3688549750203,319.6625675644127,0.39643894859492046,1.2714093414092336,0.03919872634620534,0.0774181430737531,0.21428570000000002
3,32,VS,319.81210821189126,5280,58,324.18986701011784,322.3688549750203,319.6625675644127,0.3998292209333536,1.2619646634778496,0.006737946999085468,0.08266343328663267,0.116
3,32,SG,319.81210821189126,5280,58,324.18986701011784,322.3688549750203,319.6625675644127,0.40486765624909926,1.1863987660879154,0.03861927061661133,0.07450529610581537,17.419762832889113
4,32,AS,402.3967624446361,8400,59,403.5257172684681,420.0309036138249,403.7388659712887,0.25083712435865635,0.9215915646609796,0.38516988144827696,0.06069262791648147,
4,32,DB,402.3967624446361,8400,59,403.5257172684681,420.0309036138249,403.7388659712887,0.24873529074261796,0.7575765820650486,0.43898961761826794,0.052277876387328365,0.21428570000000002
4,32,VS,402.3967624446361,8400,59,403.5257172684681,420.0309036138249,403.7388659712887,0.21800673122249745,2.0994683005570467,0.006737946999085468,0.14264313553500585,0.116
4,32,SG,402.3967624446361,8400,59,403.5257172684681,420.0309036138249,403.7388659712887,0.24833846077267957,1.0570273411189455,0.3424891653714923,0.06951797316594549,18.883555958167793
2,34,AS,375.1529921658823,11040,60,374.5537206824255,377.9998910853692,376.81818442504687,0.33081106760994594,1.339840237926494,0.039944238234347035,0.0897297938943392,
2,34,DB,375.1529921658823,11040,60,374.5537206824255,377.9998910853692,376.81818442504687,0.3302598041339017,1.3872555390199233,0.033584303130808,0.09060339398142607,0.2156602405551726
2,34,VS,375.1529921658823,11040,60,374.5537206824255,377.9998910853692,376.81818442504687,0.32527133023549243,1.3646681065060386,0.009645791203790673,0.0980973518850512,0.116
2,34,SG,375.1529921658823,11040,60,374.5537206824255,377.9998910853692,376.81818442504687,0.3282023774023074,1.3491186858914603,0.025235956271575384,0.09129871281190273,18.999999999999996
4,34,AS,402.2844619256349,15600,61,410.4445413199968,428.28538835508056,420.8725434659405,0.30155826128169877,0.7079415584455049,0.38918734963638324,0.033555085940974595,
4,34,DB,402.2844619256349,15600,61,410.4445413199968,428.28538835508056,420.8725434659405,0.30267395601320934,0.5141752648124087,0.538967709367741,0.017100277219221093,0.21428570000000002
4,34,VS,402.2844619256349,15600,61,410.4445413199968,428.28538835508056,420.8725434659405,0.2962580422435885,1.9384782507623555,0.006737946999085468,0.13002870504738795,0.116
4,34,SG,402.2844619256349,15600,61,410.4445413199968,428.28538835508056,420.8725434659405,0.298458086683393,1.457285425091999,0.19281386906567966,0.0895541069196984,18.999999999999996
3,34,AS,417.563973967376,18000,62,419.6524515991056,422.8391355347007,418.9574883026752,0.22259954180256009,1.5867724288756313,0.22787386597622325,0.07785572894050294,
3,34,DB,417.563973967376,18000,62,419.6524515991056,422.8391355347007,418.9574883026752,0.21871131492221949,1.6469448412785768,0.2110561937570891,0.08322694206102246,0.21428570000000002
3,34,VS,417.563973967376,18000,62,419.6524515991056,422.8391355347007,418.9574883026752,0.21277850053661929,2.268221612363016,0.03829134139609693,0.13594460856556723,0.116
3,34,SG,417.563973967376,18000,62,419.6524515991056,422.8391355347007,418.9574883026752,0.22000516405374831,1.6127465309281233,0.2215004024145023,0.07957017475602762,18.999999999999996
1,34,AS,354.9916647879922,28560,63,355.2714040502,357.9692069627972,356.3581953056177,0.2510462000461443,1.1682995440738657,0.014547237954795815,0.08888244797229951,
1,34,DB,354.9916647879922,28560,63,355.2714040502,357.9692069627972,356.3581953056177,0.2358541579745262,1.1775550151262493,0.014307147381632147,0.08945270299626382,0.21428570000000002
1,34,VS,354.9916647879922,28560,63,355.2714040502,357.9692069627972,356.3581953056177,0.20263892983133341,1.1341085371453021,0.00914733691787383,0.09070748328843163,0.116
1,34,SG,354.9916647879922,28560,63,355.2714040502,357.9692069627972,356.3581953056177,0.216439806757115,1.1142761718601113,0.015723595466388077,0.08835882568808263,18.999999999999996
3,35,AS,406.2901864317623,7920,64,414.6202849203428,414.99702630937134,418.2222847222655,0.23295158022263357,0.9254486874532348,0.2924886199700031,0.05378078978105744,
3,35,DB,406.2901864317623,7920,64,414.6202849203428,414.99702630937134,418.2222847222655,0.22798325866101954,0.9166387181699206,0.2962191105918843,0.053537582460685004,0.21428570000000002
3,35,VS,406.2901864317623,7920,64,414.6202849203428,414.99702630937134,418.2222847222655,0.1859112252949271,0.9838977985210078,0.26897343193027073,0.06125993067033815,0.11611984603412047
3,35,SG,406.2901864317623,7920,64,414.6202849203428,414.99702630937134,418.2222847222655,0.19527085708399206,2.1650805367400183,0.2507094663840552,0.07204203758127493,16.61694315816771
2,35,AS,367.97766957580495,13200,65,369.148591590842,371.86647932623066,374.88152386152746,0.314916930652147,1.7348134729052418,0.006737946999085468,0.0783107498982207,
2,35,DB,367.97766957580495,13200,65,369.148591590842,371.86647932623066,374.88152386152746,0.3127369645445479,1.6975566553378159,0.006737946999085468,0.07928859553689263,0.21428570000000002
2,35,VS,367.97766957580495,13200,65,369.148591590842,371.86647932623066,374.88152386152746,0.30767693230387033,1.738910412393868,0.006737946999085468,0.08033625591090371,0.116
2,35,SG,367.97766957580495,13200,65,369.148591590842,371.86647932623066,374.88152386152746,0.3020636678717032,1.6279263911762294,0.007480884649370078,0.07977111544014165,18.955167882755543
4,35,AS,375.14028423320593,16080,66,386.0909560152108,382.15781651059433,389.7290505457567,0.24358853544713974,1.6724211715044441,0.12693806862931956,0.08949593063079743,
4,35,DB,375.14028423320593,16080,66,386.0909560152108,382.15781651059433,389.7290505457567,0.22807996002976372,1.6900116357837087,0.13093480791797807,0.09055050569588084,0.21428570000000002
4,35,VS,375.14028423320593,16080,66,386.0909560152108,382.15781651059433,389.7290505457567,0.2273785610904106,2.1059707119872337,0.0067639847434168105,0.11448361525492566,0.116
4,35,SG,375.14028423320593,16080,66,386.0909560152108,382.15781651059433,389.7290505457567,0.22137393060429264,1.962250031837624,0.04821759648555762,0.10490571799406195,18.999999999999996
1,35,AS,412.0035986733199,23520,67,414.67222598545936,437.2703158887867,432.24299052062906,0.2958947271141544,0.7819468229169876,0.39120051061717903,0.034472612047330674,
1,35,DB,412.0035986733199,23520,67,414.67222598545936,437.2703158887867,432.24299052062906,0.27558278837466377,0.5506055590316465,0.4730457908862705,0.018615125067414418,0.21428570000000002
1,35,VS,412.0035986733199,23520,67,414.67222598545936,437.2703158887867,432.24299052062906,0.2826914058702398,1.9966671404840093,0.057498392186017704,0.12288105684215009,0.116
1,35,SG,412.0035986733199,23520,67,414.67222598545936,437.2703158887867,432.24299052062906,0.2686098436068359,1.778718985994841,0.06859051018015307,0.11758353046935427,18.999999999999996
2,36,AS,341.98958955437195,9840,68,346.615756606443,373.9728593882773,362.2103055973258,0.3052534448160239,0.6815228213378367,0.43745654768258213,0.03317068868251509,
2,36,DB,341.98958955437195,9840,68,346.615756606443,373.9728593882773,362.2103055973258,0.3020370104994474,0.6818713119138543,0.43657740252161914,0.034171225528186626,0.21428570000000002
2,36,VS,341.98958955437195,9840,68,346.615756606443,373.9728593882773,362.2103055973258,0.28685256247594804,1.257975446296291,0.2052786516007048,0.07197937150393159,0.116
2,36,SG,341.98958955437195,9840,68,346.615756606443,373.9728593882773,362.2103055973258,0.2931935777208818,1.0706292755894704,0.2803485105150186,0.06040337931375102,18.999999999999996
1,36,AS,373.1682036249682,23280,69,374.895842296997,383.05184271137176,379.64590244372425,0.363300284044392,1.0126464649452525,0.30344293229368685,0.05537189307052173,
1,36,DB,373.1682036249682,23280,69,374.895842296997,383.05184271137176,379.64590244372425,0.35468750945129723,1.0065919057917223,0.29996590443440607,0.056292120065668194,0.21428570000000002
1,36,VS,373.1682036249682,23280,69,374.895842296997,383.05184271137176,379.64590244372425,0.303755375542604,1.1830321937359969,0.25002734424022527,0.06532436421173397,0.116
1,36,SG,373.1682036249682,23280,69,374.895842296997,383.05184271137176,379.64590244372425,0.32565433061714333,1.1884061926301894,0.24616561212940066,0.06657982817053984,18.623055338049006
4,36,AS,383.14544648579823,24240,70,382.3840047130087,388.4738930186903,385.65048376692994,0.219901263698233,0.6803835915673542,0.4542661651082999,0.042999023840960035,
4,36,DB,383.14544648579823,24240,70,382.3840047130087,388.4738930186903,385.65048376692994,0.2232486882320883,0.6469440777858138,0.4637721683839711,0.041091478825669506,0.21428570000000002
4,36,VS,383.14544648579823,24240,70,382.3840047130087,388.4738930186903,385.65048376692994,0.2250893500447514,0.9086965280916011,0.36264242353881215,0.05962369148568539,0.116
4,36,SG,383.14544648579823,24240,70,382.3840047130087,388.4738930186903,385.65048376692994,0.22304376537275222,0.8362289978042714,0.39953918189948556,0.053133561740872144,18.999999999999996
3,36,AS,415.1903337949618,30480,71,413.3485595238419,412.3500611950178,413.4024885240501,0.28667829548534357,0.6622690825919025,0.41377634495390947,0.03848135032773995,
3,36,DB,415.1903337949618,30480,71,413.3485595238419,412.3500611950178,413.4024885240501,0.28809591103640053,0.7997891459075133,0.35747634996963107,0.04838830396729512,0.21428570000000002
3,36,VS,415.1903337949618,30480,71,413.3485595238419,412.3500611950178,413.4024885240501,0.2767580508416462,1.7383678961090914,0.04513841001455351,0.11137038617796105,0.116
3,36,SG,415.1903337949618,30480,71,413.3485595238419,412.3500611950178,413.4024885240501,0.28201453794982023,1.2869806768012195,0.2038045317248898,0.08067006952614197,15.85452757928941
2,37,AS,382.9063021135767,2880,72,382.4154946994307,419.3688979589607,383.54585878868863,0.2411886101632627,0.9323034024905517,0.40210540545581624,0.04830059603774497,
2,37,DB,382.9063021135767,2880,72,382.4154946994307,419.3688979589607,383.54585878868863,0.22912646080743113,0.9273205514436214,0.40428288604306106,0.048184873658415686,0.21428570000000002
2,37,VS,382.9063021135767,2880,72,382.4154946994307,419.3688979589607,383.54585878868863,0.2519756808275132,1.8188592941919852,0.05484699110618027,0.11853897964214129,0.116
2,37,SG,382.9063021135767,2880,72,382.4154946994307,419.3688979589607,383.54585878868863,0.24941081423154526,0.9101945082496344,0.3952402878155281,0.04878430889921621,18.999999999999996
3,37,AS,328.8653771116411,15360,73,334.49937658503706,341.5083434561881,330.5076164891043,0.2871235229382149,1.5176368340662727,0.1775380338491892,0.0560356124206517,
3,37,DB,328.8653771116411,15360,73,334.49937658503706,341.5083434561881,330.5076164891043,0.28803728449915267,1.5289362952618446,0.17444969177556302,0.058572206785723,0.21600745626447548
3,37,VS,328.8653771116411,15360,73,334.49937658503706,341.5083434561881,330.5076164891043,0.21923922140724939,1.6923030884009327,0.07294760717402056,0.07532847452016962,0.116
3,37,SG,328.8653771116411,15360,73,334.49937658503706,341.5083434561881,330.5076164891043,0.28593282718074503,1.5512948158533506,0.1563608956600379,0.05776955916120819,18.999999999999996
4,37,AS,332.7563010350246,26400,74,339.72011329163905,332.59085021415507,333.8280850174407,0.3877343094932844,0.9927533937783932,0.006737946999085468,0.07594913851761888,
4,37,DB,332.7563010350246,26400,74,339.72011329163905,332.59085021415507,333.8280850174407,0.37724520112867155,1.012293317482219,0.007808076998999717,0.07851920813551093,0.21477479111196002
4,37,VS,332.7563010350246,26400,74,339.72011329163905,332.59085021415507,333.8280850174407,0.36419624480862955,0.9786487252770519,0.006737946999085468,0.07428152357674671,0.116
4,37,SG,332.7563010350246,26400,74,339.72011329163905,332.59085021415507,333.8280850174407,0.3846768674625945,0.9725293402207098,0.006737946999085468,0.07450090215652677,18.999999999999996
1,37,AS,407.5792547982565,30720,75,414.0581794843671,401.78521126955127,403.16287432237726,0.3804903750798093,1.374181032642599,0.2110017124756233,0.07103193073703093,
1,37,DB,407.5792547982565,30720,75,414.0581794843671,401.78521126955127,403.16287432237726,0.36752548544228514,0.97813925738368,0.3499507816691269,0.049840917027940364,0.21428570000000002
1,37,VS,407.5792547982565,30720,75,414.0581794843671,401.78521126955127,403.16287432237726,0.38079840343467686,2.01949519161876,0.006737946999085468,0.10904216990611319,0.116
1,37,SG,407.5792547982565,30720,75,414.0581794843671,401.78521126955127,403.16287432237726,0.37849497937767895,1.685592925213872,0.11131821193625958,0.08407714965852137,18.421947271071225
4,38,AS,271.55260530986845,7200,76,278.8652671954088,275.444515689572,274.4359118582226,0.2774334286902189,1.091098933355169,0.006737946999085468,0.07354972448244548,
4,38,DB,271.55260530986845,7200,76,278.8652671954088,275.444515689572,274.4359118582226,0.2776970803621747,1.1297675979857007,0.006737946999085468,0.07536574099484418,0.21428570000000002
4,38,VS,271.55260530986845,7200,76,278.8652671954088,275.444515689572,274.4359118582226,0.22328907766903744,1.0556806455758188,0.006737946999085468,0.07326641273141253,0.116
4,38,SG,271.55260530986845,7200,76,278.8652671954088,275.444515689572,274.4359118582226,0.27499785344730054,1.0413489434181245,0.006856273166088567,0.07319813112976692,18.978432942840726
1,38,AS,388.11112830019056,12480,77,387.9695134622725,417.19360457337416,389.4193452771752,0.2837620542482545,0.7597168955308669,0.4104854958918553,0.039089701777557814,
1,38,DB,388.11112830019056,12480,77,387.9695134622725,417.19360457337416,389.4193452771752,0.2791218195420771,0.7863545346231777,0.3984944569690865,0.03933864404146856,0.21428570000000002
1,38,VS,388.11112830019056,12480,77,387.9695134622725,417.19360457337416,389.4193452771752,0.16744430846021327,1.8055760254679556,0.013485051653183464,0.11829857144588664,0.116
1,38,SG,388.11112830019056,12480,77,387.9695134622725,417.19360457337416,389.4193452771752,0.2807646704056236,0.7183090687604702,0.41760762614289093,0.03854203897052298,18.999999999999996
3,38,AS,426.8399526462839,17520,78,425.9385971018956,435.65605220106994,429.3158130860155,0.205329972287983,0.7743188226002495,0.3885305938119502,0.06039784374187016,
3,38,DB,426.8399526462839,17520,78,425.9385971018956,435.65605220106994,429.3158130860155,0.20700807254780318,0.7748510967011346,0.38601706944390607,0.061645501207189334,0.21428570000000002
3,38,VS,426.8399526462839,17520,78,425.9385971018956,435.65605220106994,429.3158130860155,0.18891658353634588,1.7622942402167447,0.006737946999085468,0.1586627490810089,0.116
3,38,SG,426.8399526462839,17520,78,425.9385971018956,435.65605220106994,429.3158130860155,0.20072053478792062,1.0738049231023254,0.271385042817134,0.08700862260605033,18.999999999999996
2,38,AS,384.71184288699146,21840,79,387.2042453851138,447.1894239869578,386.321823297521,0.4944364625452726,0.9844406086335091,0.4345431219117076,0.04519139343778115,
2,38,DB,384.71184288699146,21840,79,387.2042453851138,447.1894239869578,386.321823297521,0.4808221015015056,0.9975766011979313,0.4323071721240547,0.046176210634407605,0.21428570000000002
2,38,VS,384.71184288699146,21840,79,387.2042453851138,447.1894239869578,386.321823297521,0.4871906915950199,1.577707840694545,0.19760876688759363,0.10511514067073986,0.116
2,38,SG,384.71184288699146,21840,79,387.2042453851138,447.1894239869578,386.321823297521,0.48906846154049893,0.921052392920346,0.45318389402715814,0.04520844981665146,18.999999999999996
2,39,AS,343.65206915983,1200,80,346.0164307234978,362.8709357846323,344.5440603325769,0.3165168802313123,1.4963343787796908,0.006737946999085468,0.08508885122921367,
2,39,DB,343.65206915983,1200,80,346.0164307234978,362.8709357846323,344.5440603325769,0.3185655274776111,1.5087843770879237,0.006737946999085468,0.08679201243047217,0.21428570000000002
2,39,VS,343.65206915983,1200,80,346.0164307234978,362.8709357846323,344.5440603325769,0.24615255790723473,1.4414169068793514,0.006737946999085468,0.10355660559065515,0.116
2,39,SG,343.65206915983,1200,80,346.0164307234978,362.8709357846323,344.5440603325769,0.31637261558866936,1.4836368798184734,0.006737946999085468,0.08394050135320644,18.999999999999996
1,39,AS,367.1182909925034,2160,81,366.0179040858564,404.91297678840624,367.1957796495396,0.3540910732754019,0.9687927414614741,0.37473216941257104,0.053889561538947646,
1,39,DB,367.1182909925034,2160,81,366.0179040858564,404.91297678840624,367.1957796495396,0.34966886994361684,0.9711183513877093,0.3743521256337705,0.053441219230600454,0.21428570000000002
1,39,VS,367.1182909925034,2160,81,366.0179040858564,404.91297678840624,367.1957796495396,0.3180610768477962,2.560189827993575,0.006737946999085468,0.15854674591096166,0.116
1,39,SG,367.1182909925034,2160,81,366.0179040858564,404.91297678840624,367.1957796495396,0.35241764779681983,0.9586661914761854,0.3718172201498812,0.0542556028329195,18.675614168007534
3,39,AS,332.72771914023497,13440,82,337.7286067800738,352.7974451979353,330.7342938527234,0.3805435874723787,0.8135943182605453,0.20089156571319694,0.04890904206752996,
3,39,DB,332.72771914023497,13440,82,337.7286067800738,352.7974451979353,330.7342938527234,0.3712331761702094,0.825808428179469,0.1996164477790277,0.050531984773447135,0.21438627708133762
3,39,VS,332.72771914023497,13440,82,337.7286067800738,352.7974451979353,330.7342938527234,0.34317873991402037,0.9955252499719531,0.07796732461161461,0.07547803106578356,0.116
3,39,SG,332.72771914023497,13440,82,337.7286067800738,352.7974451979353,330.7342938527234,0.38425485048477376,0.7386138266183584,0.22008891572609787,0.04489239585034795,18.458840441639882
4,39,AS,378.1483356742361,27840,83,383.1655236680236,387.94618969320265,378.02246325622673,0.29598167527086905,1.1257261936101397,0.21996012759293243,0.06706641790048062,
4,39,DB,378.1483356742361,27840,83,383.1655236680236,387.94618969320265,378.02246325622673,0.286640916756252,1.2170816523554104,0.1939543866639913,0.07270424902223055,0.21428570000000002
4,39,VS,378.1483356742361,27840,83,383.1655236680236,387.94618969320265,378.02246325622673,0.2777405034299972,1.7885682247238837,0.006737946999085468,0.12552230798224978,0.116
4,39,SG,378.1483356742361,27840,83,383.1655236680236,387.94618969320265,378.02246325622673,0.2962160184650514,1.0929769401691325,0.22180444993383236,0.06619609148692339,18.63339479282569
2,41,AS,370.8784140380633,15120,84,372.6380287369696,393.4840800381284,374.4649304085976,0.2146138323120075,0.582321362654828,0.4647834791309511,0.02745693738350444,
2,41,DB,370.8784140380633,15120,84,372.6380287369696,393.4840800381284,374.4649304085976,0.23984155315440683,0.5231378076051758,0.4800609294084477,0.021128319098814297,0.21428570000000002
2,41,VS,370.8784140380633,15120,84,372.6380287369696,393.4840800381284,374.4649304085976,0.225719824847676,1.3157435889465208,0.20512146964333688,0.07152235284350644,0.15291366056305455
2,41,SG,370.8784140380633,15120,84,372.6380287369696,393.4840800381284,374.4649304085976,0.22202975672600728,0.8782139050416415,0.34448362072731614,0.04580783023282624,18.11351400691285
1,41,AS,421.8533264557395,30000,85,408.302797564211,415.88798088751247,417.8700217942892,0.3095164645806905,1.1390127272369848,0.3008835111605207,0.06577903671422505,
1,41,DB,421.8533264557395,30000,85,408.302797564211,415.88798088751247,417.8700217942892,0.30624049884019894,0.6061801805525765,0.4780550860873575,0.03406522305401791,0.21428570000000002
1,41,VS,421.8533264557395,30000,85,408.302797564211,415.88798088751247,417.8700217942892,0.26743032640325776,1.9400903223380148,0.006737946999085468,0.11577695076369061,0.116
1,41,SG,421.8533264557395,30000,85,408.302797564211,415.88798088751247,417.8700217942892,0.3028392614606632,1.3959464766259952,0.16408199238829907,0.0856881323180875,18.999999999999996
3,41,AS,387.5158850846783,30240,86,393.3003560935392,395.0350947996668,396.231046452182,0.27854162378684444,0.7060463408094023,0.4762951911203236,0.04804107512507366,
3,41,DB,387.5158850846783,30240,86,393.3003560935392,395.0350947996668,396.231046452182,0.2677723747781413,0.7252115617452198,0.4683032697338564,0.05088842743088466,0.21428570000000002
3,41,VS,387.5158850846783,30240,86,393.3003560935392,395.0350947996668,396.231046452182,0.2645427219606744,1.818813118713833,0.1053686625951873,0.10046940222661166,0.15805989385173674
3,41,SG,387.5158850846783,30240,86,393.3003560935392,395.0350947996668,396.231046452182,0.2623161568817631,1.2600139536040893,0.2921074121662989,0.07417248299059416,18.999999999999996
4,41,AS,401.2370330808727,30960,87,400.3587165988296,400.6787453624098,394.01052001022913,0.2529962525281883,1.0016844041682786,0.49307947940151525,0.05724474036016888,
4,41,DB,401.2370330808727,30960,87,400.3587165988296,400.6787453624098,394.01052001022913,0.2546314597734284,1.0817341601143717,0.3193634855010353,0.06698562022390864,0.21428570000000002
4,41,VS,401.2370330808727,30960,87,400.3587165988296,400.6787453624098,394.01052001022913,0.25403564566360526,1.887636419460668,0.057140488612557286,0.10876593039799884,0.11814176721401035
4,41,SG,401.2370330808727,30960,87,400.3587165988296,400.6787453624098,394.01052001022913,0.26645022586528244,1.0359681367060989,0.32315115209400724,0.06364683334733183,18.999999999999996
4,42,AS,372.7732404174777,13920,88,374.0364968493572,378.1427327898191,375.5878619245983,0.4495791668895906,1.3404320119770892,0.14563970141995947,0.07164309683580634,
4,42,DB,372.7732404174777,13920,88,374.0364968493572,378.1427327898191,375.5878619245983,0.4422815610488243,1.2821652573489368,0.1609153409153146,0.06834750869465092,0.21428570000000002
4,42,VS,372.7732404174777,13920,88,374.0364968493572,378.1427327898191,375.5878619245983,0.45079042530332625,1.8043496598102526,0.007155074847085466,0.10902135852693229,0.11600626347047022
4,42,SG,372.7732404174777,13920,88,374.0364968493572,378.1427327898191,375.5878619245983,0.442345725075,1.356347831973784,0.12664458652418809,0.07425942716972599,18.727172506306403
1,42,AS,295.6467390834029,16560,89,299.5664914622264,294.9961376187297,299.53202713245514,0.21882538013717623,1.191092167602582,0.08120667267065054,0.06830185596776459,
1,42,DB,295.6467390834029,16560,89,299.5664914622264,294.9961376187297,299.53202713245514,0.1830357589535134,1.3594565331518718,0.040693680947434176,0.07734254011422717,0.21428570000000002
1,42,VS,295.6467390834029,16560,89,299.5664914622264,294.9961376187297,299.53202713245514,0.2024905168060641,1.3499568795578034,0.01351683262708501,0.0779960063222907,0.116
1,42,SG,295.6467390834029,16560,89,299.5664914622264,294.9961376187297,299.53202713245514,0.21322159828488768,1.1029435203377536,0.11042090107592818,0.06273649993646205,18.994049701295495
2,42,AS,419.59118391660496,17280,90,438.81481092975207,428.3651052268247,422.60113508760566,0.2616551191832269,0.6608045634311047,0.4013794865749146,0.032251959750937254,
2,42,DB,419.59118391660496,17280,90,438.81481092975207,428.3651052268247,422.60113508760566,0.2521385816236853,0.9419495477464179,0.28062392350915405,0.05168869910979952,0.21428570000000002
2,42,VS,419.59118391660496,17280,90,438.81481092975207,428.3651052268247,422.60113508760566,0.24272940168177629,1.6380140697458647,0.006737946999085468,0.11355175790420102,0.116
2,42,SG,419.59118391660496,17280,90,438.81481092975207,428.3651052268247,422.60113508760566,0.27127556666561453,1.1233049133846755,0.2293424660926068,0.0686284828551293,18.999999999999996
3,42,AS,396.5861086668132,28080,91,401.6977126025582,406.7516516977676,391.4186917458035,0.3059887682577399,1.010883267342437,0.342901579569264,0.05295700747729753,
3,42,DB,396.5861086668132,28080,91,401.6977126025582,406.7516516977676,391.4186917458035,0.30363689838823665,1.034744208515423,0.33412540965827253,0.05556657643105734,0.21428570000000002
3,42,VS,396.5861086668132,28080,91,401.6977126025582,406.7516516977676,391.4186917458035,0.29599210645072294,2.0959607906605022,0.006737946999085468,0.12106032435611687,0.116
3,42,SG,396.5861086668132,28080,91,401.6977126025582,406.7516516977676,391.4186917458035,0.30074864174850496,0.8201627251896447,0.39353936718064253,0.04607250824532168,18.999999999999996
1,43,AS,543.5281658592871,3600,92,407.9157467105936,431.4165190297944,416.9494758501928,-0.02703597220429496,0.47774886497597513,0.46734503426892327,0.013671973590884354,
1,43,DB,543.5281658592871,3600,92,407.9157467105936,431.4165190297944,416.9494758501928,0.2252750275902632,0.8227925167407738,0.32306637387085946,0.03768013636586519,0.22177659554373108
1,43,VS,543.5281658592871,3600,92,407.9157467105936,431.4165190297944,416.9494758501928,0.1806953436036207,1.8176780837630984,0.006737946999085468,0.12898237005366395,0.116
1,43,SG,543.5281658592871,3600,92,407.9157467105936,431.4165190297944,416.9494758501928,0.2079270691323285,1.3850323793588584,0.1276816684704314,0.08213302742725613,18.999999999999996
2,43,AS,384.39615514999525,14640,93,386.4555787246197,405.3374591762108,386.40889243472265,0.28434978644424935,1.6924169012812431,0.006737946999085468,0.07208860661637169,
2,43,DB,384.39615514999525,14640,93,386.4555787246197,405.3374591762108,386.40889243472265,0.28051565100549436,1.7270813121279986,0.007878505422433853,0.07296632587362412,0.2151392786178539
2,43,VS,384.39615514999525,14640,93,386.4555787246197,405.3374591762108,386.40889243472265,0.24536227707998665,1.699763631437072,0.006737946999085468,0.09543242727868792,0.116
2,43,SG,384.39615514999525,14640,93,386.4555787246197,405.3374591762108,386.40889243472265,0.2806025692872913,1.595645010666606,0.006737946999085468,0.07117961191598857,18.999999999999996
3,43,AS,312.51593743005253,19920,94,320.190165999544,321.90774253340817,313.1398441285885,0.41817290738997787,0.7620060235154924,0.15982661065186096,0.05096537355040134,
3,43,DB,312.51593743005253,19920,94,320.190165999544,321.90774253340817,313.1398441285885,0.40388539894055253,0.7880751680719096,0.15300130072024948,0.053669518461465254,0.21428570000000002
3,43,VS,312.51593743005253,19920,94,320.190165999544,321.90774253340817,313.1398441285885,0.40068769782728664,0.9819986476763048,0.028498233054316084,0.07078346794200167,0.116
3,43,SG,312.51593743005253,19920,94,320.190165999544,321.90774253340817,313.1398441285885,0.4170113480037455,0.7625074562151251,0.15570275608762726,0.05101312127026704,18.999999999999996
4,43,AS,486.1330497682068,25200,95,410.0155894060555,411.1614062114039,407.7910254912695,0.09494094511072552,0.9205641036386629,0.34246142690931036,0.04131991151612812,
4,43,DB,486.1330497682068,25200,95,410.0155894060555,411.1614062114039,407.7910254912695,0.23665275994986956,0.722526679606736,0.39521363079242505,0.03151381335702768,0.21428570000000002
4,43,VS,486.1330497682068,25200,95,410.0155894060555,411.1614062114039,407.7910254912695,0.2345195335102779,2.294719469835847,0.006737946999085468,0.11840721814194027,0.116
4,43,SG,486.1330497682068,25200,95,410.0155894060555,411.1614062114039,407.7910254912695,0.24079434570549138,1.3653926175625242,0.23114696902543247,0.06694550239490125,18.999999999999996
4,45,AS,364.1026536139449,1440,96,368.1583822366219,388.0184541808986,373.8165012139601,0.44398244057384706,1.4116443712232756,0.006737946999085468,0.05586228890486716,
4,45,DB,364.1026536139449,1440,96,368.1583822366219,388.0184541808986,373.8165012139601,0.4336684669564975,1.4310456568402212,0.00674808136029495,0.057798005377036936,0.21428570000000002
4,45,VS,364.1026536139449,1440,96,368.1583822366219,388.0184541808986,373.8165012139601,0.43374166398955943,1.4580302589860559,0.006737946999085468,0.08231014042723285,0.116
4,45,SG,364.1026536139449,1440,96,368.1583822366219,388.0184541808986,373.8165012139601,0.43708380509627603,1.307941017866788,0.00684239808072295,0.058150663745011634,18.97174540069336
2,45,AS,400.2395901041064,14400,97,403.9634776912394,437.6716813720884,402.2332469171477,0.25485324373314455,0.835487870710373,0.4221040346477103,0.04961651725358159,
2,45,DB,400.2395901041064,14400,97,403.9634776912394,437.6716813720884,402.2332469171477,0.247920289510568,0.8316889500148312,0.42330596155534705,0.05133195127814941,0.21428570000000002
2,45,VS,400.2395901041064,14400,97,403.9634776912394,437.6716813720884,402.2332469171477,0.18516398240503218,1.462218525736556,0.11308791858310854,0.10897936450811554,0.116
2,45,SG,400.2395901041064,14400,97,403.9634776912394,437.6716813720884,402.2332469171477,0.25114154967768987,0.8217142483857757,0.4248354199212146,0.049852941892619566,18.999999999999996
3,45,AS,403.0904545237249,18960,98,406.4214081916693,413.38833185490233,405.45647791130943,0.2495456419182346,0.8804446355471973,0.2473897462465623,0.06069399747634391,
3,45,DB,403.0904545237249,18960,98,406.4214081916693,413.38833185490233,405.45647791130943,0.2433442331063319,0.8953673327391833,0.2442499658080226,0.06311378674326933,0.21428570000000002
3,45,VS,403.0904545237249,18960,98,406.4214081916693,413.38833185490233,405.45647791130943,0.23037355080209865,1.4376070234002907,0.014784295999580529,0.12264527934133106,0.116
3,45,SG,403.0904545237249,18960,98,406.4214081916693,413.38833185490233,405.45647791130943,0.24514069374193986,0.8988541476663653,0.23546564680966892,0.06256449894400513,18.999999999999996
1,45,AS,298.6529005243524,25920,99,304.19283012645377,304.1535139108719,302.35835453404803,0.3221312483904578,1.4196616115451866,0.07503782881850704,0.06289153065630662,
1,45,DB,298.6529005243524,25920,99,304.19283012645377,304.1535139108719,302.35835453404803,0.31458048854008835,1.4748293621271393,0.06956694677367571,0.0656940806676582,0.2149305496531347
1,45,VS,298.6529005243524,25920,99,304.19283012645377,304.1535139108719,302.35835453404803,0.27760596489375217,1.4926902383513037,0.027543498375478863,0.06995685278686341,0.116
1,45,SG,298.6529005243524,25920,99,304.19283012645377,304.1535139108719,302.35835453404803,0.30404647564686393,1.4397690581197862,0.05355658362148572,0.06570906208130224,18.999999999999996
1,48,AS,369.6310411309274,10080,100,373.4709701797922,395.24283811915166,384.3991316838857,0.3118387632702471,0.5460195715589313,0.502995613536956,0.02710912710683932,
1,48,DB,369.6310411309274,10080,100,373.4709701797922,395.24283811915166,384.3991316838857,0.3046897686535172,0.7482162796765482,0.43702145506009316,0.03974415190779143,0.21428570000000002
1,48,VS,369.6310411309274,10080,100,373.4709701797922,395.24283811915166,384.3991316838857,0.26415595547260673,1.904767906729525,0.06101751079612037,0.11077991333868727,0.116
1,48,SG,369.6310411309274,10080,100,373.4709701797922,395.24283811915166,384.3991316838857,0.2843442448770775,1.0953111902840331,0.29690857069016624,0.056452194609416494,18.54301556601435
4,48,AS,395.0580741847327,24960,101,401.9931001196046,419.7612809609543,398.8184203110124,0.3208333926705158,0.8284644573870984,0.3813846771996049,0.03965165818403746,
4,48,DB,395.0580741847327,24960,101,401.9931001196046,419.7612809609543,398.8184203110124,0.32056164605925713,1.015456480775498,0.3160970336688209,0.05216115047663072,0.21428570000000002
4,48,VS,395.0580741847327,24960,101,401.9931001196046,419.7612809609543,398.8184203110124,0.30163354653565105,1.8235877196357135,0.05904844822854545,0.11720755273389669,0.116
4,48,SG,395.0580741847327,24960,101,401.9931001196046,419.7612809609543,398.8184203110124,0.31887174894635484,1.4040935898276492,0.19432888056103978,0.08538711387368678,17.86564009346482
2,48,AS,364.7997689633645,26160,102,364.9457318242206,375.11255430726015,365.8534237950945,0.426906542623648,1.027201099747708,0.2779877120666957,0.06034913504466277,
2,48,DB,364.7997689633645,26160,102,364.9457318242206,375.11255430726015,365.8534237950945,0.4216288741962737,1.0195219614654683,0.27065292129417506,0.061847020142465466,0.21428570000000002
2,48,VS,364.7997689633645,26160,102,364.9457318242206,375.11255430726015,365.8534237950945,0.415743165859141,1.0884108812372582,0.22125017978744588,0.07412902680532202,0.116
2,48,SG,364.7997689633645,26160,102,364.9457318242206,375.11255430726015,365.8534237950945,0.4213617121885812,0.9822422712461354,0.27884095674889153,0.05969831047401825,17.62379931341096
3,48,AS,307.824852678432,28320,103,310.6596390212733,313.82102095377763,310.8031393607043,0.2644999400503732,1.3677293037638365,0.006737946999085468,0.07353576806235927,
3,48,DB,307.824852678432,28320,103,310.6596390212733,313.82102095377763,310.8031393607043,0.2515886433976553,1.3647327397995277,0.006737946999085468,0.07503058626482506,0.21428570000000002
3,48,VS,307.824852678432,28320,103,310.6596390212733,313.82102095377763,310.8031393607043,0.21850870166762612,1.3598959641545072,0.006958306832260256,0.07694995749301908,0.11636271714350693
3,48,SG,307.824852678432,28320,103,310.6596390212733,313.82102095377763,310.8031393607043,0.2574991090788317,1.2916726011450095,0.006737946999085468,0.07395223145319381,18.999999999999996
2,50,AS,390.3321780438367,0,104,391.1910069824917,417.3987971799963,389.3784659720949,0.26153341310971134,1.0266897054869077,0.3286519340034366,0.049604009567917745,
2,50,DB,390.3321780438367,0,104,391.1910069824917,417.3987971799963,389.3784659720949,0.29199968686422256,1.0356831011496985,0.32462153238570984,0.049742041821476304,0.21428570000000002
2,50,VS,390.3321780438367,0,104,391.1910069824917,417.3987971799963,389.3784659720949,0.16447675148347005,1.479229703288364,0.1506119677525379,0.08611285973203937,0.116
2,50,SG,390.3321780438367,0,104,391.1910069824917,417.3987971799963,389.3784659720949,0.24599147427021778,0.9696219059537329,0.3379766203762272,0.0486993790058732,17.501800171041403
3,50,AS,339.47065297560425,4080,105,343.7322606329467,345.7291849683937,341.3126615597358,0.27329838544885743,1.0244242538158344,0.11149874560246707,0.07036909933306153,
3,50,DB,339.47065297560425,4080,105,343.7322606329467,345.7291849683937,341.3126615597358,0.27169945917157334,1.135006745618309,0.08504081411387306,0.07808843056829312,0.21603070578851302
3,50,VS,339.47065297560425,4080,105,343.7322606329467,345.7291849683937,341.3126615597358,0.22290705997509908,1.0682620530199372,0.08407398764364074,0.07552588466148476,0.116
3,50,SG,339.47065297560425,4080,105,343.7322606329467,345.7291849683937,341.3126615597358,0.27507396056496747,1.0111344948703969,0.10733831273150815,0.07015184769396388,18.999999999999996
1,50,AS,396.65148047252455,19440,106,380.2871752978024,448.78338353652725,404.9994994073534,0.3679899186215772,1.2530619860648153,0.26065366291251135,0.06329897940023825,
1,50,DB,396.65148047252455,19440,106,380.2871752978024,448.78338353652725,404.9994994073534,0.3600558631186603,0.6711838432501862,0.4440052161888355,0.02928226436642569,0.21428570000000002
1,50,VS,396.65148047252455,19440,106,380.2871752978024,448.78338353652725,404.9994994073534,0.3563380857476569,5.1606144145851705,0.006737946999085468,0.1618378381135044,0.116
1,50,SG,396.65148047252455,19440,106,380.2871752978024,448.78338353652725,404.9994994073534,0.36456055592129,5.564899244466397,0.18600834066277666,0.11886915951963399,12.176450308896982
4,50,AS,390.7476020673552,29760,107,387.3325882212631,422.1947450716869,398.8357654876483,0.2725249690471476,0.6273356504493109,0.4519497091932834,0.029432719844067663,
4,50,DB,390.7476020673552,29760,107,387.3325882212631,422.1947450716869,398.8357654876483,0.2788828770426062,0.4366744532613902,0.5144446948909476,0.014189891567456741,0.21428570000000002
4,50,VS,390.7476020673552,29760,107,387.3325882212631,422.1947450716869,398.8357654876483,0.21397819560716225,1.8524248564723054,0.006737946999085468,0.12309786476434123,0.116
4,50,SG,390.7476020673552,29760,107,387.3325882212631,422.1947450716869,398.8357654876483,0.2574668166659203,0.8947589603038482,0.37322818513467443,0.050450118835828686,18.999999999999996
2,51,AS,303.0975861853765,2640,108,307.71692272033306,318.21234674276326,306.065577899301,0.44814793326933977,1.9368126913525339,0.006737946999085468,0.06480717495496925,
2,51,DB,303.0975861853765,2640,108,307.71692272033306,318.21234674276326,306.065577899301,0.43745628070621495,1.9583832898080702,0.006737946999085468,0.06674571411127415,0.21428570000000002
2,51,VS,303.0975861853765,2640,108,307.71692272033306,318.21234674276326,306.065577899301,0.44488641964260434,1.9774930800056614,0.006737946999085468,0.07562391808657434,0.116
2,51,SG,303.0975861853765,2640,108,307.71692272033306,318.21234674276326,306.065577899301,0.4493107628936809,1.9188134708365052,0.006737946999085468,0.06359192821923325,18.999999999999996
3,51,AS,412.0118206280705,6240,109,423.4990835132377,447.4042468349952,424.4612850241406,0.4357075392776599,0.8591925247564134,0.39677452894695736,0.04719899564632278,
3,51,DB,412.0118206280705,6240,109,423.4990835132377,447.4042468349952,424.4612850241406,0.4271074814117389,1.1771842837160742,0.27998230241167227,0.06806286019790803,0.21428570000000002
3,51,VS,412.0118206280705,6240,109,423.4990835132377,447.4042468349952,424.4612850241406,0.4075676073979641,5.629993904965376,0.006737946999085468,0.209302622210762,0.116
3,51,SG,412.0118206280705,6240,109,423.4990835132377,447.4042468349952,424.4612850241406,0.4301818755179042,1.811141400399384,0.2930792380017808,0.0757083037934188,16.843938852426
1,51,AS,296.4154955098313,15840,110,302.15828725308364,298.1673475659597,295.7909065301531,0.23293627298400937,1.5656942048578653,0.03559325098775876,0.06357672416944812,
1,51,DB,296.4154955098313,15840,110,302.15828725308364,298.1673475659597,295.7909065301531,0.2115498412343655,1.5491111040639862,0.043438934801013906,0.06404721404866463,0.21428570000000002
1,51,VS,296.4154955098313,15840,110,302.15828725308364,298.1673475659597,295.7909065301531,0.16704436164749176,1.5782749150470472,0.0068561908261299135,0.06935347237209465,0.116
1,51,SG,296.4154955098313,15840,110,302.15828725308364,298.1673475659597,295.7909065301531,0.20975846089006242,1.5663895984237763,0.028401315856740248,0.0628373668917963,18.732912063249966
4,51,AS,415.9080567134647,24000,111,416.6550125013761,412.3909810448834,420.2748686503396,0.2256824486436284,1.5417772853459315,0.07669344546779455,0.09492850236756822,
4,51,DB,415.9080567134647,24000,111,416.6550125013761,412.3909810448834,420.2748686503396,0.22429180240023155,1.5639775330505996,0.07432254289589015,0.09701974197400696,0.21428570000000002
4,51,VS,415.9080567134647,24000,111,416.6550125013761,412.3909810448834,420.2748686503396,0.2322303704154519,1.7487513155373848,0.006737946999085468,0.12198994011062925,0.116
4,51,SG,415.9080567134647,24000,111,416.6550125013761,412.3909810448834,420.2748686503396,0.2175525288894548,1.4790478399453026,0.07970284666058727,0.09495086700544961,18.999999999999996
4,52,AS,451.3135917824759,720,112,453.09042002976594,479.4041439329309,480.6644277272181,0.3083108803124063,1.7887769864862901,0.4524028412916763,0.05927184525907869,
4,52,DB,451.3135917824759,720,112,453.09042002976594,479.4041439329309,480.6644277272181,0.3038952695457455,2.7684449993521967,0.44576650048384003,0.03995285047137378,0.21428570000000002
4,52,VS,451.3135917824759,720,112,453.09042002976594,479.4041439329309,480.6644277272181,0.27299820594255236,14.843926811040415,0.006737946999085468,0.4751138954023473,0.1279895281294754
4,52,SG,451.3135917824759,720,112,453.09042002976594,479.4041439329309,480.6644277272181,0.3071280237922505,12.316205893028389,0.07252805070274078,0.3425727499035732,18.999999999999996
1,52,AS,371.5259677572682,960,113,373.89771832646034,390.4934130241285,372.1613137542781,0.511706079785016,1.5121487258027586,0.07638605958275373,0.08408862753236569,
1,52,DB,371.5259677572682,960,113,373.89771832646034,390.4934130241285,372.1613137542781,0.49038007949285756,1.552143063997256,0.07389996134311388,0.08479905686799206,0.21447354630257584
1,52,VS,371.5259677572682,960,113,373.89771832646034,390.4934130241285,372.1613137542781,0.5201853633149447,1.538373863249794,0.006737946999085468,0.12545956245382833,0.116
1,52,SG,371.5259677572682,960,113,373.89771832646034,390.4934130241285,372.1613137542781,0.5115868576690713,1.5367353831980912,0.05037159012912503,0.08811292272454609,18.624692096751183
3,52,AS,367.821397895384,4800,114,369.8792263503393,402.8763463414863,368.78529857707366,0.3152078697262444,0.7976217208811731,0.2770555000284651,0.049357677367910545,
3,52,DB,367.821397895384,4800,114,369.8792263503393,402.8763463414863,368.78529857707366,0.31137670400432094,0.7739427080680399,0.27697896566028374,0.048692303936444845,0.21428570000000002
3,52,VS,367.821397895384,4800,114,369.8792263503393,402.8763463414863,368.78529857707366,0.24994425820065652,1.5974307699135004,0.006737946999085468,0.1309574619683836,0.116
3,52,SG,367.821397895384,4800,114,369.8792263503393,402.8763463414863,368.78529857707366,0.31341332594776006,0.7569164278807861,0.2830002895806565,0.04724468131887278,18.452169878722447
2,52,AS,262.2766009964116,23760,115,273.7314044209826,257.7221358043498,262.34063859761665,0.15976613186021416,0.9128978065638124,0.0257770334367209,0.06718381975839803,
2,52,DB,262.2766009964116,23760,115,273.7314044209826,257.7221358043498,262.34063859761665,0.15645811876593957,0.9392948455551289,0.025581218950755488,0.06997486513390741,0.21428570000000002
2,52,VS,262.2766009964116,23760,115,273.7314044209826,257.7221358043498,262.34063859761665,0.10746849730784039,0.902654870693254,0.006737946999085468,0.07174514262598151,0.116
2,52,SG,262.2766009964116,23760,115,273.7314044209826,257.7221358043498,262.34063859761665,0.10512216175156883,0.8984988696892697,0.024943560563082515,0.06683028151630216,18.843657669368177
1,54,AS,306.3417316110117,11760,116,310.06298192266075,305.3391467146289,307.44412763464504,0.42966774586256756,0.9635809090274071,0.05414658933546011,0.06372839253998087,
1,54,DB,306.3417316110117,11760,116,310.06298192266075,305.3391467146289,307.44412763464504,0.42273970159223184,1.0210448776378036,0.039092303225673364,0.06821522324667192,0.21428570000000002
1,54,VS,306.3417316110117,11760,116,310.06298192266075,305.3391467146289,307.44412763464504,0.43153431004535475,0.9749729302766836,0.034849763841112096,0.06735294171820608,0.116
1,54,SG,306.3417316110117,11760,116,310.06298192266075,305.3391467146289,307.44412763464504,0.4276153581392087,0.9577729050826003,0.04368369363302253,0.06465030375364145,18.999999999999996
3,54,AS,369.1818627052879,12000,117,373.2275582491448,419.86259057359376,370.2977657040935,0.268496268836954,0.7641830905088424,0.45065596973542654,0.0433343471998554,
3,54,DB,369.1818627052879,12000,117,373.2275582491448,419.86259057359376,370.2977657040935,0.2632639460991889,0.7836680141127536,0.44279228348299987,0.04507041631711325,0.21428570000000002
3,54,VS,369.1818627052879,12000,117,373.2275582491448,419.86259057359376,370.2977657040935,0.24940971539906232,2.1189856241026934,0.006737946999085468,0.1580281742937356,0.116
3,54,SG,369.1818627052879,12000,117,373.2275582491448,419.86259057359376,370.2977657040935,0.26107796174914844,0.7628218301141378,0.4425138636237911,0.04339910252011165,18.999999999999996
2,54,AS,392.9115319338133,26880,118,395.7219618125492,403.16346453666574,396.8961163973688,0.31267502198908925,1.3745184197553113,0.19618246445444418,0.07095756853757097,
2,54,DB,392.9115319338133,26880,118,395.7219618125492,403.16346453666574,396.8961163973688,0.3051429412407453,1.3697833906409824,0.19605220155101868,0.07232641669981411,0.21428570000000002
2,54,VS,392.9115319338133,26880,118,395.7219618125492,403.16346453666574,396.8961163973688,0.21832008831926317,2.086801018313144,0.006737946999085468,0.12489002639187369,0.116
2,54,SG,392.9115319338133,26880,118,395.7219618125492,403.16346453666574,396.8961163973688,0.31059748763110095,1.3144134340412745,0.2001299593507602,0.07277102494857926,18.387480650571707
4,54,AS,375.45574229113447,31200,119,383.5321098872224,413.7553600715231,385.253482153452,0.300994615706976,0.6874274937788883,0.46824020103629366,0.04115843553240205,
4,54,DB,375.45574229113447,31200,119,383.5321098872224,413.7553600715231,385.253482153452,0.28595842422207496,0.8549526424894058,0.4059824832498425,0.054421005647612215,0.21428570000000002
4,54,VS,375.45574229113447,31200,119,383.5321098872224,413.7553600715231,385.253482153452,0.22969023537844907,1.9672798678758845,0.006737946999085468,0.14369083131237417,0.116
4,54,SG,375.45574229113447,31200,119,383.5321098872224,413.7553600715231,385.253482153452,0.28275365639744515,0.9530598680766735,0.39456072684362425,0.05731834582026053,18.999999999999996
3,55,AS,321.25277695737066,3120,120,324.04320400254426,365.48453477298926,327.7873319914576,0.40664697210134804,1.2849040672816228,0.12312307309412127,0.05986417002924467,
3,55,DB,321.25277695737066,3120,120,324.04320400254426,365.48453477298926,327.7873319914576,0.4003825045663043,1.2615887648421256,0.13614480283463984,0.05875158237281401,0.21428570000000002
3,55,VS,321.25277695737066,3120,120,324.04320400254426,365.48453477298926,327.7873319914576,0.3384737363941859,1.381950796256407,0.006737946999085468,0.10633491170623849,0.116
3,55,SG,321.25277695737066,3120,120,324.04320400254426,365.48453477298926,327.7873319914576,0.41076191929804656,1.4138969515042255,0.05932814902950782,0.06999221748379791,18.999999999999996
4,55,AS,289.4353243437751,17040,121,295.47723384418373,297.5620186007964,291.9573785379118,0.3528344942359073,1.1667368343199176,0.006737946999085468,0.08195604908361326,
4,55,DB,289.4353243437751,17040,121,295.47723384418373,297.5620186007964,291.9573785379118,0.34537095494166326,1.1757156680575227,0.007896238214982736,0.0840197738668646,0.21491187643941526
4,55,VS,289.4353243437751,17040,121,295.47723384418373,297.5620186007964,291.9573785379118,0.2947417609118498,1.1465595982136023,0.006737946999085468,0.08421639778438438,0.116
4,55,SG,289.4353243437751,17040,121,295.47723384418373,297.5620186007964,291.9573785379118,0.3484819367780633,1.1150049879427366,0.006737946999085468,0.0808210968627966,18.999999999999996
2,55,AS,343.5804185791921,17760,122,347.5738013592331,374.8342738506023,345.92543424355824,0.39746600063185245,1.5798286278299893,0.016038422321227992,0.08616606454350745,
2,55,DB,343.5804185791921,17760,122,347.5738013592331,374.8342738506023,345.92543424355824,0.3921247385409672,1.6182447573369392,0.01644728068244067,0.08842919188735292,0.21428570000000002
2,55,VS,343.5804185791921,17760,122,347.5738013592331,374.8342738506023,345.92543424355824,0.31430648338193545,1.6764596523903177,0.006737946999085468,0.12284401137528828,0.116
2,55,SG,343.5804185791921,17760,122,347.5738013592331,374.8342738506023,345.92543424355824,0.38516875485750296,1.5473551561666585,0.012120611677587378,0.08710683363669511,18.151598628571207
1,55,AS,318.7068462365261,22800,123,322.0716705444353,355.32463687444647,316.4965906520318,0.46114327913510295,1.4639447744110226,0.17079911657026747,0.0591324167878272,
1,55,DB,318.7068462365261,22800,123,322.0716705444353,355.32463687444647,316.4965906520318,0.44989474356490544,1.4735399576012091,0.17770768878446758,0.059521420859734046,0.21461280690450726
1,55,VS,318.7068462365261,22800,123,322.0716705444353,355.32463687444647,316.4965906520318,0.44601339190126693,1.8686559355152643,0.006737946999085468,0.12040692198531304,0.116
1,55,SG,318.7068462365261,22800,123,322.0716705444353,355.32463687444647,316.4965906520318,0.4564478403320569,1.2694452396742821,0.19639334378512047,0.053670180590985266,18.784700377320448
4,58,AS,529.00702041721,4560,124,520.2948646680376,406.86598132123225,403.6804560192596,0.24917214722565886,1.254876674316506,0.17657702759361707,0.0823475791045484,
4,58,DB,529.00702041721,4560,124,520.2948646680376,406.86598132123225,403.6804560192596,0.2505137296679925,1.127846098076371,0.22821819390775183,0.07272367036011855,0.21428570000000002
4,58,VS,529.00702041721,4560,124,520.2948646680376,406.86598132123225,403.6804560192596,0.25223078607410276,1.762992380533354,0.006737946999085468,0.1227358020914778,0.116
4,58,SG,529.00702041721,4560,124,520.2948646680376,406.86598132123225,403.6804560192596,0.2084830809555519,1.4190227152336725,0.10849056265373681,0.09855111781443675,18.899921336721196
3,58,AS,344.77557305760223,6480,125,346.3855487626695,345.9655476995593,348.2099733902754,0.314539594807587,1.478277794928774,0.01723746628913795,0.08818008079748008,
3,58,DB,344.77557305760223,6480,125,346.3855487626695,345.9655476995593,348.2099733902754,0.30743077882598613,1.5216576697511646,0.016266653055341314,0.08969329094423917,0.21428570000000002
3,58,VS,344.77557305760223,6480,125,346.3855487626695,345.9655476995593,348.2099733902754,0.2911119416918502,1.5073046911206562,0.013119278295569763,0.08876843565860751,0.116
3,58,SG,344.77557305760223,6480,125,346.3855487626695,345.9655476995593,348.2099733902754,0.3112133442466961,1.433406584116298,0.015092034646400972,0.08731311625610637,18.999999999999996
2,58,AS,368.1803474275008,9120,126,371.998695384695,380.7640085671135,369.96697153862783,0.3581134743889428,1.0491280214763876,0.2289128916615924,0.06165993539225342,
2,58,DB,368.1803474275008,9120,126,371.998695384695,380.7640085671135,369.96697153862783,0.35511609930671445,1.0676691664625673,0.2280113259217647,0.06395119982671414,0.21462824710309347
2,58,VS,368.1803474275008,9120,126,371.998695384695,380.7640085671135,369.96697153862783,0.3558980370198822,1.2080556422743978,0.14776913545873077,0.08196427201636804,0.116
2,58,SG,368.1803474275008,9120,126,371.998695384695,380.7640085671135,369.96697153862783,0.3517194735682155,1.0489081112623386,0.21955349744821984,0.06290404410418139,18.44813697351072
1,58,AS,403.2910691830593,20640,127,402.5704669630341,401.648186960622,425.1463279877213,0.015120255335695443,1.8889910509327574,0.06969624014535973,0.08502873235728316,
1,58,DB,403.2910691830593,20640,127,402.5704669630341,401.648186960622,425.1463279877213,0.03134012652559677,2.127723941068252,0.006737946999085468,0.09960419893210447,0.21428570000000002
1,58,VS,403.2910691830593,20640,127,402.5704669630341,401.648186960622,425.1463279877213,0.2425165483055079,2.147265586723267,0.006737946999085468,0.0979575472300306,0.116
1,58,SG,403.2910691830593,20640,127,402.5704669630341,401.648186960622,425.1463279877213,0.24844720560293698,1.4388981754212957,0.21603322467704317,0.06608977471007493,18.999999999999996
2,61,AS,373.1450103336171,1680,128,359.9254971766984,364.7513174034903,358.6627278943779,0.5291093056655045,1.8795977475831227,0.04470796190677184,0.08551769794578468,
2,61,DB,373.1450103336171,1680,128,359.9254971766984,364.7513174034903,358.6627278943779,0.5167491515923224,2.0742157444366813,0.006737946999085468,0.09466419295196286,0.21428570000000002
2,61,VS,373.1450103336171,1680,128,359.9254971766984,364.7513174034903,358.6627278943779,0.5126806231390388,2.023482694931133,0.006737946999085468,0.09815244235692903,0.116
2,61,SG,373.1450103336171,1680,128,359.9254971766984,364.7513174034903,358.6627278943779,0.5237621873984875,2.0182591267816443,0.006737946999085468,0.09056968633871386,18.999999999999996
3,61,AS,382.2962027696235,1920,129,384.34076751055056,396.82958550839993,387.1451076141781,0.30529662496672577,0.9554309419651326,0.38169407848789644,0.055487603760386486,
3,61,DB,382.2962027696235,1920,129,384.34076751055056,396.82958550839993,387.1451076141781,0.32990807668678857,0.9511355113685698,0.38237943531100177,0.056643331199498125,0.21428570000000002
3,61,VS,382.2962027696235,1920,129,384.34076751055056,396.82958550839993,387.1451076141781,0.3209235974467773,2.1393709771551084,0.006737946999085468,0.12877261482807478,0.116
3,61,SG,382.2962027696235,1920,129,384.34076751055056,396.82958550839993,387.1451076141781,0.33225903960474923,1.0261502900554167,0.35925746756166826,0.06268107818581477,18.999999999999996
4,61,AS,424.66892125430354,8640,130,425.3889413352208,428.52634589031135,424.3226286029385,0.28825937645792543,1.2676528319176956,0.011560681132558766,0.1137458006302022,
4,61,DB,424.66892125430354,8640,130,425.3889413352208,428.52634589031135,424.3226286029385,0.2844529044787715,1.2698140203337294,0.013591119269141423,0.11506512631618782,0.21428570000000002
4,61,VS,424.66892125430354,8640,130,425.3889413352208,428.52634589031135,424.3226286029385,0.26120182574794426,1.2994243076162773,0.006737946999085468,0.12502820884968194,0.116
4,61,SG,424.66892125430354,8640,130,425.3889413352208,428.52634589031135,424.3226286029385,0.2792319193904558,1.2461275970765777,0.006737946999085468,0.11269413039769671,18.289706355417593
1,61,AS,252.92883166867213,12240,131,259.56782319385616,261.75314594642,255.80092150256067,0.19985215516152743,1.3893162589374293,0.008073728135107159,0.05991187363973636,
1,61,DB,252.92883166867213,12240,131,259.56782319385616,261.75314594642,255.80092150256067,0.1988025213659428,1.4130824966006965,0.008227853388878775,0.06146540691647791,0.21428570000000002
1,61,VS,252.92883166867213,12240,131,259.56782319385616,261.75314594642,255.80092150256067,0.19304912939165003,1.3444284652556386,0.006737946999085468,0.06292929969331752,0.116
1,61,SG,252.92883166867213,12240,131,259.56782319385616,261.75314594642,255.80092150256067,0.20048584986256818,1.3856135843183006,0.00903929085712392,0.05858342098145671,18.78558816233266
