agent,group,model,r2_SG,r2_AS,id,r2_VS,Unnamed: 0,r2_DB,fit,lambda,beta,tau,par
1,0,AS,0.3622974529054638,0.38409491345909136,0,0.14404493887154937,0,0.3598724084411177,286.2594771050654,0.7592297301414075,0.4478976920690042,0.018983755905211997,
1,0,DB,0.3622974529054638,0.38409491345909136,0,0.14404493887154937,0,0.3598724084411177,296.93512784825907,0.7601478391174394,0.44689473227252485,0.019766004540178808,0.21428570000000002
1,0,VS,0.3622974529054638,0.38409491345909136,0,0.14404493887154937,0,0.3598724084411177,391.53689743155104,1.6049796365931095,0.129686394319516,0.07657770663326914,0.116
1,0,SG,0.3622974529054638,0.38409491345909136,0,0.14404493887154937,0,0.3598724084411177,297.6508440625797,0.7204605963614852,0.45592976308451544,0.019478191827488445,18.999999999999996
2,0,AS,0.3014333434407479,0.39344137118412625,1,0.28894157718965807,3840,0.30050114196713523,307.3435139912172,1.2028722365278817,3.4068947883955762,0.058652075313282585,
2,0,DB,0.3014333434407479,0.39344137118412625,1,0.28894157718965807,3840,0.30050114196713523,357.3612575065035,1.6904930786610157,0.006737946999085468,0.0933891792136882,0.21428570000000002
2,0,VS,0.3014333434407479,0.39344137118412625,1,0.28894157718965807,3840,0.30050114196713523,363.11397657566846,1.7068454721700903,0.006737946999085468,0.10229350701626755,0.116
2,0,SG,0.3014333434407479,0.39344137118412625,1,0.28894157718965807,3840,0.30050114196713523,356.92838984216075,1.687181572285084,0.006737946999085468,0.09112561221850334,18.999999999999996
3,0,AS,0.48646479295493844,0.4745882153739668,2,0.47515417452514264,7680,0.4617150872345356,282.21366535651987,1.5031195569697693,0.2484361294610576,0.03304143058718111,
3,0,DB,0.48646479295493844,0.4745882153739668,2,0.47515417452514264,7680,0.4617150872345356,289.1281898935339,1.5074180336251497,0.24507744329490605,0.034203416955968055,0.21535276946677234
3,0,VS,0.48646479295493844,0.4745882153739668,2,0.47515417452514264,7680,0.4617150872345356,281.9096725433227,1.5045940169283913,0.2476357355903353,0.033531153370135056,0.11703576011632816
3,0,SG,0.48646479295493844,0.4745882153739668,2,0.47515417452514264,7680,0.4617150872345356,275.8344165671104,1.5710246280127655,0.22659751589734145,0.03391035553066371,5.6966395466138176
4,0,AS,0.37356991828411124,0.3695880488672285,3,0.3000387520565074,11520,0.3549997983937154,338.61225160825893,0.869357810941873,0.43426473639765606,0.03284088160259033,
4,0,DB,0.37356991828411124,0.3695880488672285,3,0.3000387520565074,11520,0.3549997983937154,346.4480173023981,0.8695988939073613,0.43470429974028557,0.03371689618125041,0.21428570000000002
4,0,VS,0.37356991828411124,0.3695880488672285,3,0.3000387520565074,11520,0.3549997983937154,375.96916393920776,0.9867635914479947,0.3440590075975693,0.0466241576443739,0.116
4,0,SG,0.37356991828411124,0.3695880488672285,3,0.3000387520565074,11520,0.3549997983937154,336.47347589749074,0.8696976132061796,0.4332841804376241,0.032034965800095065,17.73251311981377
1,3,AS,0.21831519378473624,-0.9535389261858597,4,0.22441412625948337,120,0.32198463477417183,1049.301513417624,0.7666347459937247,0.59669768998675,0.02311157439653604,
1,3,DB,0.21831519378473624,-0.9535389261858597,4,0.22441412625948337,120,0.32198463477417183,364.1814039717669,0.7872751677157607,0.87473162526618,0.025682677526334893,0.21428570000000002
1,3,VS,0.21831519378473624,-0.9535389261858597,4,0.22441412625948337,120,0.32198463477417183,416.5893088653137,2.083288248704974,0.006810344652852375,0.09354417922885051,0.11767406473159159
1,3,SG,0.21831519378473624,-0.9535389261858597,4,0.22441412625948337,120,0.32198463477417183,419.8652195677836,2.0642082795656433,0.006737946999085468,0.092151547131849,18.999999999999996
2,3,AS,0.3759794044580782,0.3931024587516811,5,0.38778928756043646,3960,0.38036663885854993,325.9819909320347,0.7970367392719617,0.4565956905817892,0.019704892466336985,
2,3,DB,0.3759794044580782,0.3931024587516811,5,0.38778928756043646,3960,0.38036663885854993,332.82276329103166,0.8046992494586578,0.4493329984731881,0.020457311217562463,0.21428570000000002
2,3,VS,0.3759794044580782,0.3931024587516811,5,0.38778928756043646,3960,0.38036663885854993,328.8358468226388,0.942132587237038,0.38214257001609475,0.028824094766325047,0.13182918261476045
2,3,SG,0.3759794044580782,0.3931024587516811,5,0.38778928756043646,3960,0.38036663885854993,335.1792721040508,0.9158955315785478,0.3994919146162016,0.027324873995646565,16.672309290827037
3,3,AS,0.27863504598636407,0.25625019133184596,6,0.23233394420010167,7800,0.2476391737410828,399.4892496784132,0.6878254912072905,0.45021940981817093,0.02534485285232682,
3,3,DB,0.27863504598636407,0.25625019133184596,6,0.23233394420010167,7800,0.2476391737410828,404.1144729943852,0.585685581970819,0.4283476665734166,0.01882874588265615,0.2169913596540075
3,3,VS,0.27863504598636407,0.25625019133184596,6,0.23233394420010167,7800,0.2476391737410828,412.3353486090376,1.5864479932478563,0.05409585253633071,0.08148330775468149,0.21324857644209547
3,3,SG,0.27863504598636407,0.25625019133184596,6,0.23233394420010167,7800,0.2476391737410828,387.46570535494334,1.00328753864837,0.2660379802407907,0.045743219112549784,14.86712346819448
4,3,AS,0.34160138975234805,0.3454275134245545,7,0.3110154273743049,11640,0.3309697126794999,351.5895647629424,0.4541533715250672,1.8289460892994354,0.007459077627429066,
4,3,DB,0.34160138975234805,0.3454275134245545,7,0.3110154273743049,11640,0.3309697126794999,359.3552621847469,0.4074278318986755,10.487473587237458,0.005617373714924942,0.21428570000000002
4,3,VS,0.34160138975234805,0.3454275134245545,7,0.3110154273743049,11640,0.3309697126794999,370.0732783395558,0.6649245582203979,0.4222958119912477,0.024196912499121582,0.116
4,3,SG,0.34160138975234805,0.3454275134245545,7,0.3110154273743049,11640,0.3309697126794999,353.644684989089,0.5345536222618087,0.5756265360362804,0.014115085524303104,18.999999999999996
1,6,AS,0.2485428258736966,0.33904872749470055,8,0.21135185688558097,240,0.24824193066260705,334.971800702976,0.37994190523754956,0.7026755505452318,0.003040923199823013,
1,6,DB,0.2485428258736966,0.33904872749470055,8,0.21135185688558097,240,0.24824193066260705,383.43123750645503,0.9378339179357471,1.3048724031637144,0.02984775850277456,0.21428570000000002
1,6,VS,0.2485428258736966,0.33904872749470055,8,0.21135185688558097,240,0.24824193066260705,400.9443397584345,1.9752930801806248,0.006737946999085468,0.08537739218296843,0.116
1,6,SG,0.2485428258736966,0.33904872749470055,8,0.21135185688558097,240,0.24824193066260705,382.275285169763,5.422237655654162,0.1782926875609263,0.059204186764944815,14.3647777355209
2,6,AS,0.28745877385243734,-2.3915007159024726,9,0.2554242112950781,4080,0.2662024366653021,1814.0092643064097,0.8363819443206606,1.6069807871909396,0.025904867656624926,
2,6,DB,0.28745877385243734,-2.3915007159024726,9,0.2554242112950781,4080,0.2662024366653021,386.7180213238382,1.2579496441717617,0.20608093969897048,0.04676251511306073,0.21641682575894566
2,6,VS,0.28745877385243734,-2.3915007159024726,9,0.2554242112950781,4080,0.2662024366653021,392.3112719874367,1.714872050762101,0.03573591615241196,0.07224501188754574,0.116
2,6,SG,0.28745877385243734,-2.3915007159024726,9,0.2554242112950781,4080,0.2662024366653021,375.37518511753257,1.1005358575946016,0.2498672300631016,0.04071723314722526,16.875490329859304
3,6,AS,0.4516532614886747,0.45812223380635897,10,0.45320075924674086,7920,0.4540802323902031,291.05801401382104,1.3958374747593147,0.24390046588028466,0.030323576119301657,
3,6,DB,0.4516532614886747,0.45812223380635897,10,0.45320075924674086,7920,0.4540802323902031,293.22908833763256,1.393672869985442,0.2456008717549438,0.029967841339586607,0.21526394897909945
3,6,VS,0.4516532614886747,0.45812223380635897,10,0.45320075924674086,7920,0.4540802323902031,293.70147846412306,1.3869489013243157,0.23996778741502361,0.03129569292922574,0.11624807779630748
3,6,SG,0.4516532614886747,0.45812223380635897,10,0.45320075924674086,7920,0.4540802323902031,294.5326836772793,1.3926586260133949,0.23388323475049133,0.03035445860072129,11.140887656155858
4,6,AS,0.4275118123556038,0.42068747917884264,11,0.32046629651488767,11760,0.40501702483249324,311.1652891535913,0.8543522537050683,0.41350352549432845,0.022793167328422775,
4,6,DB,0.4275118123556038,0.42068747917884264,11,0.32046629651488767,11760,0.40501702483249324,319.5823374351271,0.8621053875677199,0.4105982371388182,0.023735827665613492,0.21428570000000002
4,6,VS,0.4275118123556038,0.42068747917884264,11,0.32046629651488767,11760,0.40501702483249324,364.996946785883,1.1405884258357246,0.3061216892083801,0.039804919618886124,0.116
4,6,SG,0.4275118123556038,0.42068747917884264,11,0.32046629651488767,11760,0.40501702483249324,307.4997450303305,0.8459908512585266,0.4058906233054527,0.02301902412165866,18.999999999999996
1,7,AS,0.39443198769435395,-0.9304794225337647,12,0.29588278159185766,360,0.343168390076204,1036.9155958623264,0.6419651206519308,2.942830803661101,0.018511352232119412,
1,7,DB,0.39443198769435395,-0.9304794225337647,12,0.29588278159185766,360,0.343168390076204,352.8030043912222,0.6870083075873614,1.2562239413017093,0.021454027367343826,0.21428570000000002
1,7,VS,0.39443198769435395,-0.9304794225337647,12,0.29588278159185766,360,0.343168390076204,378.2014542917682,1.6587447698937035,0.10865628976995804,0.07809375863859536,0.116
1,7,SG,0.39443198769435395,-0.9304794225337647,12,0.29588278159185766,360,0.343168390076204,325.2678629906975,0.8863311888370942,0.3629330798635755,0.03166552036324169,10.554348212442152
2,7,AS,0.36653191904727744,0.35773389183449567,13,0.27732027426372635,4200,0.3549549994190924,344.979457681302,0.7513440237604218,0.42251917631000574,0.02403061571031606,
2,7,DB,0.36653191904727744,0.35773389183449567,13,0.27732027426372635,4200,0.3549549994190924,346.47208011028044,0.7533353169694241,0.42403582338714,0.02386309395989255,0.21428570000000002
2,7,VS,0.36653191904727744,0.35773389183449567,13,0.27732027426372635,4200,0.3549549994190924,388.1719067722123,1.687670116553312,0.11138378641138687,0.07747279232033319,0.116
2,7,SG,0.36653191904727744,0.35773389183449567,13,0.27732027426372635,4200,0.3549549994190924,340.25378615988234,0.7323048720851852,0.4240885749098697,0.023668189667361388,17.73457252549958
3,7,AS,0.3529135739230808,0.46301296981318585,14,0.3145368759869206,8040,0.4481615142728257,288.4310601175354,0.7111792307573799,0.4616995092956351,0.017494118359482863,
3,7,DB,0.3529135739230808,0.46301296981318585,14,0.3145368759869206,8040,0.4481615142728257,296.40820076524216,0.699135762252893,0.465203779012299,0.017715674555723933,0.21428570000000002
3,7,VS,0.3529135739230808,0.46301296981318585,14,0.3145368759869206,8040,0.4481615142728257,368.1818077836788,1.5526572776850718,0.17639025236340994,0.06587236330394691,0.116
3,7,SG,0.3529135739230808,0.46301296981318585,14,0.3145368759869206,8040,0.4481615142728257,347.5685880087314,1.5070295685840134,0.1784881874160955,0.060656552573566704,18.999999999999996
4,7,AS,0.37536157883936494,0.3960000371779466,15,0.3135678698524344,11880,0.38339397361889604,324.4256188591921,0.9072893609613295,1.3495614280062953,0.026187171549005857,
4,7,DB,0.37536157883936494,0.3960000371779466,15,0.3135678698524344,11880,0.38339397361889604,331.196695387765,0.9828059208178062,0.4241250047459015,0.030778349368294124,0.21428570000000002
4,7,VS,0.37536157883936494,0.3960000371779466,15,0.3135678698524344,11880,0.38339397361889604,368.7022886350189,1.5699432294771873,0.27290128953394477,0.058267165586271395,0.116
4,7,SG,0.37536157883936494,0.3960000371779466,15,0.3135678698524344,11880,0.38339397361889604,335.51112387728864,1.2274428599766918,0.3681440412400233,0.03704921329077708,17.42956901110489
1,9,AS,0.3906104801148621,0.3946084369619483,16,0.3881604829080264,480,0.3970633648230842,325.1730870530152,1.9474233036304593,0.006737946999085468,0.05737143642748969,
1,9,DB,0.3906104801148621,0.3946084369619483,16,0.3881604829080264,480,0.3970633648230842,323.8544752324408,1.9635408052068803,0.006737946999085468,0.055938443666983736,0.21428570000000002
1,9,VS,0.3906104801148621,0.3946084369619483,16,0.3881604829080264,480,0.3970633648230842,328.6364672071222,1.9202690917356433,0.006737946999085468,0.058760229893342966,0.116
1,9,SG,0.3906104801148621,0.3946084369619483,16,0.3881604829080264,480,0.3970633648230842,327.3205037816987,1.9643705361249393,0.006964402602106861,0.05634584625574727,18.981106984958373
2,9,AS,0.2766294082513034,0.2621411100544764,17,0.24839093794640826,4320,0.27391267331574326,396.3250690991478,1.0158200421237387,0.33036842390870247,0.04020895986102904,
2,9,DB,0.2766294082513034,0.2621411100544764,17,0.24839093794640826,4320,0.27391267331574326,390.0022264980767,0.9837483185567739,0.36022784323121154,0.037076714145272416,0.216364608790538
2,9,VS,0.2766294082513034,0.2621411100544764,17,0.24839093794640826,4320,0.27391267331574326,403.7106789835223,1.0564962148406378,0.2970352072485993,0.044613444174966266,0.116
2,9,SG,0.2766294082513034,0.2621411100544764,17,0.24839093794640826,4320,0.27391267331574326,388.5429906255654,1.0176580081787125,0.314980266847539,0.0401126560871247,6.170342877891139
3,9,AS,0.31154324630118174,0.3098300336539914,18,0.29187483637688283,8160,0.3030408779709151,370.709987139185,1.0653639599480427,0.3785813379897121,0.033639919161416,
3,9,DB,0.31154324630118174,0.3098300336539914,18,0.29187483637688283,8160,0.3030408779709151,374.3566364265829,1.058585926098883,0.3803952782763536,0.03424939014921603,0.21428570000000002
3,9,VS,0.31154324630118174,0.3098300336539914,18,0.29187483637688283,8160,0.3030408779709151,380.3542360579237,1.1134347648043397,0.32752869551341535,0.042857916264190304,0.116
3,9,SG,0.31154324630118174,0.3098300336539914,18,0.29187483637688283,8160,0.3030408779709151,369.7897717293939,1.0450928922617932,0.37210299322324525,0.03390418218594221,18.999999999999996
4,9,AS,0.2837849059347074,0.28115487547890095,19,0.2495296297586098,12000,0.2627163199420799,386.1122330157791,0.7484404803791775,0.8518609145211361,0.03064036455252743,
4,9,DB,0.2837849059347074,0.28115487547890095,19,0.2495296297586098,12000,0.2627163199420799,396.01610745138913,0.6864800328913545,5.3583205470398365,0.0270291665566152,0.21428570000000002
4,9,VS,0.2837849059347074,0.28115487547890095,19,0.2495296297586098,12000,0.2627163199420799,403.09905511166426,0.8833312156489688,0.3721857788106129,0.04390455843002416,0.116
4,9,SG,0.2837849059347074,0.28115487547890095,19,0.2495296297586098,12000,0.2627163199420799,384.6995685939852,0.7881557189595502,0.4385636120570961,0.03423063960792616,18.999999999999996
1,10,AS,0.4131897565188696,0.406068670977032,20,0.35358416510437873,600,0.3993460199713522,319.0174682757504,0.6133665992660082,0.48093973336238033,0.01857207423928405,
1,10,DB,0.4131897565188696,0.406068670977032,20,0.35358416510437873,600,0.3993460199713522,322.62839600280154,0.6351652590429071,0.47076763399329746,0.019616014280784064,0.21428570000000002
1,10,VS,0.4131897565188696,0.406068670977032,20,0.35358416510437873,600,0.3993460199713522,347.20839434584184,0.8316667948537761,0.3749404382459882,0.032172696827403556,0.12025710848475384
1,10,SG,0.4131897565188696,0.406068670977032,20,0.35358416510437873,600,0.3993460199713522,315.1925299875662,0.6291297469574205,0.448325582719272,0.019717716958735292,18.179537507815844
2,10,AS,0.34377237223979384,0.3791395036019719,21,0.3180440172811785,4440,0.36947164993267956,333.48189266113826,0.3734085979983535,20.08553692318767,0.0011888513200742161,
2,10,DB,0.34377237223979384,0.3791395036019719,21,0.3180440172811785,4440,0.36947164993267956,338.67477279815967,0.37341610701908884,20.08553692318767,0.001221204966052885,0.21428570000000002
2,10,VS,0.34377237223979384,0.3791395036019719,21,0.3180440172811785,4440,0.36947164993267956,366.29802209683857,0.7754244966155825,0.442906598122502,0.036669726975582406,0.116
2,10,SG,0.34377237223979384,0.3791395036019719,21,0.3180440172811785,4440,0.36947164993267956,352.47858833283874,0.659008596669717,0.6791951659397389,0.02541902856352771,18.999999999999996
3,10,AS,0.35540336105804204,0.3368612280929068,22,0.31650651469971214,8280,0.3262984307739294,356.1907611058352,0.9307101106307432,0.439987500477057,0.02955624649461243,
3,10,DB,0.35540336105804204,0.3368612280929068,22,0.31650651469971214,8280,0.3262984307739294,361.8643410197848,0.9450270668752564,0.43423143895747296,0.030480859426385322,0.21428570000000002
3,10,VS,0.35540336105804204,0.3368612280929068,22,0.31650651469971214,8280,0.3262984307739294,367.1238586153696,0.9641582875014494,0.4176379052077203,0.03320772023989426,0.116
3,10,SG,0.35540336105804204,0.3368612280929068,22,0.31650651469971214,8280,0.3262984307739294,346.23125227726314,0.925947991903879,0.431083341963123,0.029648594054931535,6.599502358864005
4,10,AS,0.12503900537865545,0.1459229090472352,23,0.1961555995384031,12120,0.1245295590442924,458.7491818562282,0.7546202706556697,0.3769036999211576,0.03302205389493249,
4,10,DB,0.12503900537865545,0.1459229090472352,23,0.1961555995384031,12120,0.1245295590442924,470.2401607326967,1.307300758357758,0.18525599419603472,0.07348288636192815,0.22970635770160033
4,10,VS,0.12503900537865545,0.1459229090472352,23,0.1961555995384031,12120,0.1245295590442924,431.7677700968361,1.8664629427017068,0.006737946999085468,0.11171120810114941,0.11811029505793734
4,10,SG,0.12503900537865545,0.1459229090472352,23,0.1961555995384031,12120,0.1245295590442924,469.9665225663481,1.6188370916597532,0.06032787594174348,0.10373641319663354,18.46472628631721
1,11,AS,0.026478025330102045,-6.308696626120052,24,0.16830527339887708,720,0.08374034236179707,3899.4689179959673,1.2628543713258875,0.897617771706012,0.05406517895180995,
1,11,DB,0.026478025330102045,-6.308696626120052,24,0.16830527339887708,720,0.08374034236179707,466.19807934470987,1.6292603444197287,0.0562014629144524,0.07520364581760935,0.29636168841967114
1,11,VS,0.026478025330102045,-6.308696626120052,24,0.16830527339887708,720,0.08374034236179707,420.23891841998966,1.928321384903028,0.006737946999085468,0.0997609527268287,0.116
1,11,SG,0.026478025330102045,-6.308696626120052,24,0.16830527339887708,720,0.08374034236179707,494.1943611505234,1.2464979558972193,0.09443802180886637,0.0673763676745184,4.1951460361997635
2,11,AS,0.3626826593115393,0.39921010392356315,25,0.26959670369394606,4560,0.3893997511478775,322.7014003912635,0.9361210996077072,0.34875874437291404,0.02863228546439073,
2,11,DB,0.3626826593115393,0.39921010392356315,25,0.26959670369394606,4560,0.3893997511478775,327.97082086541093,0.9383371072308174,0.34795318786900276,0.029358427485807984,0.21428570000000002
2,11,VS,0.3626826593115393,0.39921010392356315,25,0.26959670369394606,4560,0.3893997511478775,392.3204569644941,2.0552975104943165,0.04623329297282107,0.083980734982985,0.116
2,11,SG,0.3626826593115393,0.39921010392356315,25,0.26959670369394606,4560,0.3893997511478775,342.3213334260806,1.335287190273697,0.2636414374717499,0.04261188196556637,15.247104648423596
3,11,AS,0.48444559464675796,0.46983715960381034,26,0.44166631289611635,8400,0.4648666498018744,283.1212526917219,1.1911331746656844,0.2647949005706344,0.0273356385276805,
3,11,DB,0.48444559464675796,0.46983715960381034,26,0.44166631289611635,8400,0.4648666498018744,285.68294619579297,1.1698260813785963,0.26501018678856264,0.026920764620765533,0.21428570000000002
3,11,VS,0.48444559464675796,0.46983715960381034,26,0.44166631289611635,8400,0.4648666498018744,297.79595166505345,1.2662663596158596,0.2480993514067359,0.032170969851661416,0.116
3,11,SG,0.48444559464675796,0.46983715960381034,26,0.44166631289611635,8400,0.4648666498018744,275.25437329777543,1.138570478143604,0.25870100270037794,0.026272517773794475,11.895425635210017
4,11,AS,0.4389314186623784,0.44091811749675525,27,0.3031194437664505,12240,0.42584657031166706,300.2988359082308,0.8269601362629694,0.40397177585081007,0.0264939671845762,
4,11,DB,0.4389314186623784,0.44091811749675525,27,0.3031194437664505,12240,0.42584657031166706,308.39419405998,0.8321329579964002,0.41109423974879983,0.027048000791728394,0.21428570000000002
4,11,VS,0.4389314186623784,0.44091811749675525,27,0.3031194437664505,12240,0.42584657031166706,374.3144364954461,1.3366416487638721,0.2231239014240396,0.05823546061107827,0.116
4,11,SG,0.4389314186623784,0.44091811749675525,27,0.3031194437664505,12240,0.42584657031166706,301.36594855475823,0.9025077136607182,0.35739786689752706,0.031774593197768194,12.967061519659289
1,12,AS,0.26445081243150115,-0.5975078576627275,28,0.1827539876221731,840,0.33900025360521757,858.0670649930863,0.4557445372141826,5.293071045112786,0.006081282683404261,
1,12,DB,0.26445081243150115,-0.5975078576627275,28,0.1827539876221731,840,0.33900025360521757,355.0418294530174,0.6147749988594303,1.1392995846982505,0.014526902441584132,0.21428570000000002
1,12,VS,0.26445081243150115,-0.5975078576627275,28,0.1827539876221731,840,0.33900025360521757,438.9661583538806,2.1185910673488992,0.006737946999085468,0.1357009845813866,0.116
1,12,SG,0.26445081243150115,-0.5975078576627275,28,0.1827539876221731,840,0.33900025360521757,395.0844620309855,0.831954928129991,0.3872263438451919,0.02859036857582596,18.999999999999996
2,12,AS,0.3838532589970126,0.446307189992107,29,0.41274840366779375,4680,0.3695155876962689,297.4042112608836,1.3282993111187442,0.06119649967185538,0.0497652139350688,
2,12,DB,0.3838532589970126,0.446307189992107,29,0.41274840366779375,4680,0.3695155876962689,338.6511725713033,1.2854737501841127,0.09840431671249039,0.046752554290589096,0.21428570000000002
2,12,VS,0.3838532589970126,0.446307189992107,29,0.41274840366779375,4680,0.3695155876962689,315.4295932005779,1.4430422059403822,0.006737946999085468,0.07542068738457053,0.116
2,12,SG,0.3838532589970126,0.446307189992107,29,0.41274840366779375,4680,0.3695155876962689,330.9500001026655,1.1849397012247131,0.09989852409542152,0.04435814659070478,7.655579862046619
3,12,AS,0.3981995369600839,0.4079368597150846,30,0.28624149941185617,8520,0.3984509559823327,318.014010784368,1.64868588420881,0.07802942237409713,0.04063829490196576,
3,12,DB,0.3981995369600839,0.4079368597150846,30,0.28624149941185617,8520,0.3984509559823327,323.10916041742087,1.6468325456688067,0.07903108517540627,0.04213232179872572,0.21447776921711237
3,12,VS,0.3981995369600839,0.4079368597150846,30,0.28624149941185617,8520,0.3984509559823327,383.38006212351166,1.9806496724106686,0.006872047260146773,0.09319239501588386,0.11603930169852313
3,12,SG,0.3981995369600839,0.4079368597150846,30,0.28624149941185617,8520,0.3984509559823327,323.2442047500479,1.8193903921416006,0.047253379896813504,0.045349973511176755,18.996430796781652
4,12,AS,0.0936151176501483,0.09565819160912538,31,0.08110948000217642,12360,0.08784727649343711,485.74779620290735,0.9063118580744668,3.330860666604462,0.045278799872386366,
4,12,DB,0.0936151176501483,0.09565819160912538,31,0.08110948000217642,12360,0.08784727649343711,489.9432616437063,0.9029423692072671,7.738033201624857,0.041027528417804784,0.21428570000000002
4,12,VS,0.0936151176501483,0.09565819160912538,31,0.08110948000217642,12360,0.08784727649343711,493.56232444333193,2.347819292279605,0.022694406299782647,0.2017177724142859,0.116
4,12,SG,0.0936151176501483,0.09565819160912538,31,0.08110948000217642,12360,0.08784727649343711,486.8451895378661,0.9916164722692179,0.4386497744580549,0.05683482699107677,18.999999999999996
1,16,AS,-0.3507863579752113,-5.083956870579747,32,0.17767058329122715,960,-0.026224988218053358,3255.8230077979765,1.8372607981233051,0.06918240408213756,0.06835519045190402,
1,16,DB,-0.3507863579752113,-5.083956870579747,32,0.17767058329122715,960,-0.026224988218053358,539.0991253200079,1.8454197585155878,0.06917779286048795,0.0705541284769666,0.21428570000000002
1,16,VS,-0.3507863579752113,-5.083956870579747,32,0.17767058329122715,960,-0.026224988218053358,428.9661520733656,2.1959776052564814,0.006737946999085468,0.08995637911839496,0.116
1,16,SG,-0.3507863579752113,-5.083956870579747,32,0.17767058329122715,960,-0.026224988218053358,712.5945686229327,1.6853164358071688,0.0850294044849869,0.07355778751209505,18.999999999999996
2,16,AS,0.4842898630558745,0.477111798880547,33,0.27604761909811854,4800,0.45839586938481647,278.37276183569264,0.803900444300906,0.4388553069720645,0.02250731653811064,
2,16,DB,0.4842898630558745,0.477111798880547,33,0.27604761909811854,4800,0.45839586938481647,288.33160716307174,0.8110626881147872,0.43733671156942866,0.0233400498527582,0.21428570000000002
2,16,VS,0.4842898630558745,0.477111798880547,33,0.27604761909811854,4800,0.45839586938481647,385.12974283629086,1.7665145544117382,0.1088246379328766,0.06631617848598766,0.116
2,16,SG,0.4842898630558745,0.477111798880547,33,0.27604761909811854,4800,0.45839586938481647,274.5555686990149,0.8078873935183863,0.4299902717157642,0.022468966442815583,18.999999999999996
3,16,AS,0.42268288013300215,0.42564920938583667,34,0.41312575418597014,8640,0.41532467812982965,308.50020224614275,1.6598931453132943,0.12495687984720982,0.04402405534059814,
3,16,DB,0.42268288013300215,0.42564920938583667,34,0.41312575418597014,8640,0.41532467812982965,314.04580265729373,1.7051593861642715,0.11934533828052907,0.04546764422032532,0.21428570000000002
3,16,VS,0.42268288013300215,0.42564920938583667,34,0.41312575418597014,8640,0.41532467812982965,315.2269074672639,1.8401807372859955,0.0628088900896471,0.05157703276140147,0.11624506250168272
3,16,SG,0.42268288013300215,0.42564920938583667,34,0.41312575418597014,8640,0.41532467812982965,310.09350235016035,1.7005835012257562,0.10918362413523583,0.04392535952530431,10.877531371579416
4,16,AS,0.18782437823271372,-0.8215772142226655,35,0.21733297552475386,12480,0.25375686873524583,978.4211115888728,0.7061226317509943,0.4211601315624564,0.028090086160385747,
4,16,DB,0.18782437823271372,-0.8215772142226655,35,0.21733297552475386,12480,0.25375686873524583,400.82848440723376,0.5299146847683486,0.43665521074998526,0.01567666142894966,0.21428570000000002
4,16,VS,0.18782437823271372,-0.8215772142226655,35,0.21733297552475386,12480,0.25375686873524583,420.39279702881646,1.767552334086839,0.006737946999085468,0.10288989146332041,0.116
4,16,SG,0.18782437823271372,-0.8215772142226655,35,0.21733297552475386,12480,0.25375686873524583,436.2427068423991,1.2910259437921499,0.17343603575731467,0.07138305128724395,18.999999999999996
1,17,AS,0.28477522530203025,0.34726848766380314,36,0.21663937573550765,1080,0.33279993796187834,350.6007249555996,0.7080200731387206,0.4545745292456446,0.021735120593337855,
1,17,DB,0.28477522530203025,0.34726848766380314,36,0.21663937573550765,1080,0.33279993796187834,358.3721959489261,0.7132165779877462,0.45176110277092013,0.022692247592216223,0.21428570000000002
1,17,VS,0.28477522530203025,0.34726848766380314,36,0.21663937573550765,1080,0.33279993796187834,420.7653492717263,1.9059924568200315,0.006737946999085468,0.09828464023777989,0.116
1,17,SG,0.28477522530203025,0.34726848766380314,36,0.21663937573550765,1080,0.33279993796187834,384.1676397969852,1.2925727539576868,0.2974102648386263,0.054944052238335477,18.999999999999996
2,17,AS,0.36831566598112,0.36071020119207614,37,0.19417216685924538,4920,0.35786223646351495,343.38079697818216,0.8084550012597258,0.7861485369091162,0.02409320278534314,
2,17,DB,0.36831566598112,0.36071020119207614,37,0.19417216685924538,4920,0.35786223646351495,344.910520117958,0.8577021461022322,0.3738828774925326,0.027347926372803536,0.21428570000000002
2,17,VS,0.36831566598112,0.36071020119207614,37,0.19417216685924538,4920,0.35786223646351495,432.8331283981756,1.7166707712137599,0.0704561536932191,0.07437102366747607,0.116
2,17,SG,0.36831566598112,0.36071020119207614,37,0.19417216685924538,4920,0.35786223646351495,339.29568477160365,0.8393573595266205,0.3720481010925448,0.026527184614661203,18.999999999999996
3,17,AS,0.41137502061146014,0.40345484798090664,38,0.40507595040937194,8760,0.3900437376247229,320.4214272083707,0.9602000048239491,0.36678648899716876,0.027188966383605732,
3,17,DB,0.41137502061146014,0.40345484798090664,38,0.40507595040937194,8760,0.3900437376247229,327.62491734861044,0.9632621758300256,0.36401989240996946,0.028268032187111714,0.21428570000000002
3,17,VS,0.41137502061146014,0.40345484798090664,38,0.40507595040937194,8760,0.3900437376247229,319.5506868259844,1.010293807028146,0.3450148957023882,0.02864864538387709,0.116
3,17,SG,0.41137502061146014,0.40345484798090664,38,0.40507595040937194,8760,0.3900437376247229,316.1672764380072,0.9576687231826678,0.35737076024354386,0.027063309114629244,15.805045069109779
4,17,AS,0.319001796816554,0.3211491056755091,39,0.24572472622382666,12600,0.31009816659789924,364.630190497584,0.9001203233053336,0.44425971531538544,0.030156271278795097,
4,17,DB,0.319001796816554,0.3211491056755091,39,0.24572472622382666,12600,0.31009816659789924,370.5659652822011,0.9003847715597412,0.44279780245171346,0.031294793157661434,0.21428570000000002
4,17,VS,0.319001796816554,0.3211491056755091,39,0.24572472622382666,12600,0.31009816659789924,405.1427773963545,0.9399471901496463,0.37705651319735145,0.04057495534256896,0.116
4,17,SG,0.319001796816554,0.3211491056755091,39,0.24572472622382666,12600,0.31009816659789924,365.78357137230034,0.8688476619849625,0.4470903701653378,0.030516825833880303,18.999999999999996
1,20,AS,0.19898500738533903,0.2676941103888102,40,0.14816958601904104,1200,0.2231911845819851,364.36940470265097,0.7166021195376235,0.4480397106444304,0.02422988603402799,
1,20,DB,0.19898500738533903,0.2676941103888102,40,0.14816958601904104,1200,0.2231911845819851,385.1367154090888,0.8825964177922331,0.39140849531992267,0.03386762696941535,0.21428570000000002
1,20,VS,0.19898500738533903,0.2676941103888102,40,0.14816958601904104,1200,0.2231911845819851,422.4365568318085,1.9814594189361876,0.006737946999085468,0.10965026204233551,0.116
1,20,SG,0.19898500738533903,0.2676941103888102,40,0.14816958601904104,1200,0.2231911845819851,397.003342063486,1.3357917516260218,0.22936111568469497,0.056353481833007264,11.23012585188539
2,20,AS,0.4666981126403386,0.4581301265284157,41,0.41206529832155364,5040,0.44939649980077206,284.87504007801056,1.313457278116687,0.21456411697909514,0.034479692785203415,
2,20,DB,0.4666981126403386,0.4581301265284157,41,0.41206529832155364,5040,0.44939649980077206,289.39503940413715,1.3075057536276595,0.21147715714230292,0.03460936577442412,0.21480514856300786
2,20,VS,0.4666981126403386,0.4581301265284157,41,0.41206529832155364,5040,0.44939649980077206,310.03157602398824,1.8635376337217453,0.046327108163411276,0.059101181307145215,0.116
2,20,SG,0.4666981126403386,0.4581301265284157,41,0.41206529832155364,5040,0.44939649980077206,280.27005601280064,1.350004849968255,0.20038320277387212,0.033697129373926445,9.882320168153452
3,20,AS,0.40077183195748334,0.39451533189189836,42,0.34263368624884677,8880,0.3828401556720398,322.9750463027012,1.4831768640158907,0.25076761556752764,0.03638271519961011,
3,20,DB,0.40077183195748334,0.39451533189189836,42,0.34263368624884677,8880,0.3828401556720398,329.16136819693713,1.4895719257690196,0.2487160162654133,0.03801326330935146,0.21428570000000002
3,20,VS,0.40077183195748334,0.39451533189189836,42,0.34263368624884677,8880,0.3828401556720398,349.26812203482126,2.155491779004079,0.0914530482861511,0.06496994275187055,0.11603379655793122
3,20,SG,0.40077183195748334,0.39451533189189836,42,0.34263368624884677,8880,0.3828401556720398,319.7449727840736,1.4590316046590004,0.25273371036228687,0.035183018079113657,11.9035483538715
4,20,AS,0.26786272805379285,0.3376189129171965,43,0.24682721354947124,12720,0.2784913147687982,355.7837869615457,1.0769672975659421,0.35674038922295964,0.04214553611472908,
4,20,DB,0.26786272805379285,0.3376189129171965,43,0.24682721354947124,12720,0.2784913147687982,387.542907494146,1.0980085881511923,0.35248924754610117,0.04205455920495466,0.21428570000000002
4,20,VS,0.26786272805379285,0.3376189129171965,43,0.24682721354947124,12720,0.2784913147687982,404.5505999875424,2.241904014545957,0.006737946999085468,0.10827563076936678,0.116
4,20,SG,0.26786272805379285,0.3376189129171965,43,0.24682721354947124,12720,0.2784913147687982,393.2518247704043,1.8405840314478983,0.10585315472785153,0.07867385693737997,18.999999999999996
1,21,AS,0.39382901065775633,0.3995158560691691,44,0.23124861248838186,1320,0.3879821522855502,319.1865686523006,0.8816870800106638,0.38566409172626476,0.026042797913294155,
1,21,DB,0.39382901065775633,0.3995158560691691,44,0.23124861248838186,1320,0.3879821522855502,325.4238456510118,0.8931723166980882,0.3776329565033213,0.026930074301416574,0.21428570000000002
1,21,VS,0.39382901065775633,0.3995158560691691,44,0.23124861248838186,1320,0.3879821522855502,408.8449520982706,1.2804935260786952,0.2132520582750086,0.05842617594186074,0.116
1,21,SG,0.39382901065775633,0.3995158560691691,44,0.23124861248838186,1320,0.3879821522855502,322.3464516436134,0.8775851838336749,0.3761729208158606,0.026855228568421548,18.999999999999996
2,21,AS,0.30857227169030943,0.3091613282180355,45,0.21220056845983432,5160,0.30392133033597,371.06916791443024,1.0798546053986426,0.36885750356223185,0.03111470075533295,
2,21,DB,0.30857227169030943,0.3091613282180355,45,0.21220056845983432,5160,0.30392133033597,373.88372033222697,1.1081120885473774,0.35864744980414526,0.03202666375256518,0.21428570000000002
2,21,VS,0.30857227169030943,0.3091613282180355,45,0.21220056845983432,5160,0.30392133033597,423.14955934796313,1.6897268800586633,0.20678512849685646,0.06622238041088349,0.116
2,21,SG,0.30857227169030943,0.3091613282180355,45,0.21220056845983432,5160,0.30392133033597,371.3855669877971,1.0568816964140129,0.3630430434450226,0.03141090977232724,18.999999999999996
3,21,AS,0.4402767013055592,0.4387254360798108,46,0.4326146060241478,9000,0.4377722463043685,299.5018111264174,1.1356686401857277,0.2408568481704719,0.03157579653371041,
3,21,DB,0.4402767013055592,0.4387254360798108,46,0.4326146060241478,9000,0.4377722463043685,299.85874225199063,1.1754677612376447,0.23665835867591317,0.03297682971003449,0.21428570000000002
3,21,VS,0.4402767013055592,0.4387254360798108,46,0.4326146060241478,9000,0.4377722463043685,302.7471947990471,1.1792016455026115,0.22035572233924816,0.034296393839493726,0.11601494166064806
3,21,SG,0.4402767013055592,0.4387254360798108,46,0.4326146060241478,9000,0.4377722463043685,298.4426379697252,1.1305359191825899,0.23457835569422414,0.030419964021574833,16.51368508675318
4,21,AS,0.3562734970167971,0.3438735057085386,47,0.22892873990120238,12840,0.33588830637869066,347.96867720743467,0.6007205959996064,0.7255239433346843,0.019577034410463857,
4,21,DB,0.3562734970167971,0.3438735057085386,47,0.22892873990120238,12840,0.33588830637869066,352.1433967816561,0.6413958612241313,0.4811744391054865,0.02184839367276887,0.21428570000000002
4,21,VS,0.3562734970167971,0.3438735057085386,47,0.22892873990120238,12840,0.33588830637869066,410.22363992370094,1.3075935994358665,0.21412440591892737,0.07477074952948923,0.116
4,21,SG,0.3562734970167971,0.3438735057085386,47,0.22892873990120238,12840,0.33588830637869066,341.49125459324154,0.6065610230583166,0.48568082396976153,0.020597580026011482,18.22007803245507
1,22,AS,0.4265002232622125,0.4179730539835808,48,0.2120378385587908,1440,0.4285533755052319,301.2127638332857,0.5388403794326124,2.238731091006974,0.010260119828950115,
1,22,DB,0.4265002232622125,0.4179730539835808,48,0.2120378385587908,1440,0.4285533755052319,296.06781665111475,0.6807467334332183,0.4800109903821582,0.017712603732375546,0.21428570000000002
1,22,VS,0.4265002232622125,0.4179730539835808,48,0.2120378385587908,1440,0.4285533755052319,409.9441961604799,1.74919699243876,0.06130450368227005,0.09645799055158383,0.116
1,22,SG,0.4265002232622125,0.4179730539835808,48,0.2120378385587908,1440,0.4285533755052319,296.74227749274394,0.7113791201160707,0.43417317087697394,0.021063563530937333,17.840157997831806
2,22,AS,0.5127838170612846,0.4997404771197118,49,0.41887127547924763,5280,0.5040139615447586,268.7036676994905,1.2073266956724593,0.19107890084723173,0.030636679753852827,
2,22,DB,0.5127838170612846,0.4997404771197118,49,0.41887127547924763,5280,0.5040139615447586,266.4082572448224,1.3034722319809555,0.17734407019865872,0.030071309362635065,0.21428570000000002
2,22,VS,0.5127838170612846,0.4997404771197118,49,0.41887127547924763,5280,0.5040139615447586,312.14082399710753,1.617574198780397,0.013006247402468838,0.06669958066258685,0.116
2,22,SG,0.5127838170612846,0.4997404771197118,49,0.41887127547924763,5280,0.5040139615447586,261.697717545513,1.2163195864825065,0.19124438834727311,0.028828537790336603,6.550213462532684
3,22,AS,0.5017941526324556,0.4687196429940105,50,0.33176156116743233,9120,0.45702112821575036,285.3658430773456,1.2876988541361833,0.14731022508863986,0.03206858154618675,
3,22,DB,0.5017941526324556,0.4687196429940105,50,0.33176156116743233,9120,0.45702112821575036,291.64944925330923,1.3053120705484362,0.1420166782589855,0.03395959502748007,0.21485655030291823
3,22,VS,0.5017941526324556,0.4687196429940105,50,0.33176156116743233,9120,0.45702112821575036,358.9299377616461,1.8975729070185576,0.006741905053982641,0.07863029835165115,0.116
3,22,SG,0.5017941526324556,0.4687196429940105,50,0.33176156116743233,9120,0.45702112821575036,267.60057996742364,1.366380095906167,0.12420456762501196,0.0302779544746715,6.377861711273952
4,22,AS,0.3310958950387374,0.2933183873461183,51,0.24845806765556575,12960,0.3312757785312126,379.5788636318049,0.5254192991144161,0.503683854961118,0.015591651310572644,
4,22,DB,0.3310958950387374,0.2933183873461183,51,0.24845806765556575,12960,0.3312757785312126,359.1908654803338,0.3590879805690892,0.5002987580610009,0.003593802678355984,0.21428570000000002
4,22,VS,0.3310958950387374,0.2933183873461183,51,0.24845806765556575,12960,0.3312757785312126,403.6746217007776,1.6546402197652434,0.006811648596295822,0.10667378494159005,0.11602861439387811
4,22,SG,0.3310958950387374,0.2933183873461183,51,0.24845806765556575,12960,0.3312757785312126,359.2874860382163,0.7248501742963702,0.37760266309158014,0.030356158089832615,18.999999999999996
1,24,AS,0.2809814531470509,-0.9361476930221936,52,0.19609399542541545,1560,0.28654490399653715,1039.960185720375,0.4933544044590968,10.50386731405582,0.009817817366776567,
1,24,DB,0.2809814531470509,-0.9361476930221936,52,0.19609399542541545,1560,0.28654490399653715,383.21709486157687,0.5680323318925071,7.474451171154012,0.014060348856944047,0.21428570000000002
1,24,VS,0.2809814531470509,-0.9361476930221936,52,0.19609399542541545,1560,0.28654490399653715,431.8008594241712,1.9290684132487812,0.006737946999085468,0.10587996040491476,0.116
1,24,SG,0.2809814531470509,-0.9361476930221936,52,0.19609399542541545,1560,0.28654490399653715,386.2053830998809,0.7379191824677012,0.38417793594004906,0.02795144389685359,18.999999999999996
2,24,AS,0.3288895791421533,0.3287128055484195,53,0.21986855422613025,5400,0.3255795430538159,360.5675114194777,0.7855381889955039,0.44173827589248205,0.031197925229399584,
2,24,DB,0.3288895791421533,0.3287128055484195,53,0.21986855422613025,5400,0.3255795430538159,362.2504761321089,0.7948811351769136,0.4382663430239664,0.031691756689600996,0.21428570000000002
2,24,VS,0.3288895791421533,0.3287128055484195,53,0.21986855422613025,5400,0.3255795430538159,419.0308653400846,1.8986167707139783,0.006737946999085468,0.12116558989829064,0.116
2,24,SG,0.3288895791421533,0.3287128055484195,53,0.21986855422613025,5400,0.3255795430538159,360.47256127696926,1.1629670673551598,0.275367073011061,0.05335694261114488,3.6095306108053316
3,24,AS,0.5938547432509379,0.5875658318104915,54,0.5691237096230393,9240,0.5755090150858732,221.53016306224168,2.114453232773287,0.057451889611185,0.026534126203124907,
3,24,DB,0.5938547432509379,0.5875658318104915,54,0.5691237096230393,9240,0.5755090150858732,228.0062234399284,2.1841747172198653,0.04883122757761607,0.02696226815438112,0.21428570000000002
3,24,VS,0.5938547432509379,0.5875658318104915,54,0.5691237096230393,9240,0.5755090150858732,231.4359532477019,2.1808058213544625,0.035186039280891014,0.030154796849204614,0.116
3,24,SG,0.5938547432509379,0.5875658318104915,54,0.5691237096230393,9240,0.5755090150858732,218.15220923508463,2.1684779399773104,0.04770912204402022,0.025667740688508967,5.511950509234528
4,24,AS,0.12252072797112638,0.09514124802819642,55,0.1544558075352761,13080,0.0937337513711264,486.0254613543663,6.0948177512335615,0.2459856793739282,0.09358330900087333,
4,24,DB,0.12252072797112638,0.09514124802819642,55,0.1544558075352761,13080,0.0937337513711264,486.7814679803911,7.839223812141671,0.11535507524326859,0.13070364317755892,0.21428570000000002
4,24,VS,0.12252072797112638,0.09514124802819642,55,0.1544558075352761,13080,0.0937337513711264,454.16591853993407,10.561578378187942,0.006737946999085468,0.18004291715418097,0.116
4,24,SG,0.12252072797112638,0.09514124802819642,55,0.1544558075352761,13080,0.0937337513711264,471.3191612363565,10.563839197901768,0.05499054509275486,0.1572571727976954,16.426372394695452
1,25,AS,0.327942219110574,0.3737503239236344,56,0.22994484849811606,1680,0.35603800116115786,301.04776821651,0.9760044692185916,0.4297746885949098,0.02426691198331727,
1,25,DB,0.327942219110574,0.3737503239236344,56,0.22994484849811606,1680,0.35603800116115786,309.9169557597985,0.9825431282032165,0.4259321482875474,0.025255743743090846,0.21428570000000002
1,25,VS,0.327942219110574,0.3737503239236344,56,0.22994484849811606,1680,0.35603800116115786,370.6780378607719,1.3825404078349104,0.22607065378829186,0.05565994669049473,0.116
1,25,SG,0.327942219110574,0.3737503239236344,56,0.22994484849811606,1680,0.35603800116115786,319.8263929078788,1.08368439076614,0.3648098001468977,0.0329409224406298,18.999999999999996
2,25,AS,0.2572854570482566,0.2305616304257845,57,0.18871640869496376,5520,0.21544869161198638,368.6433023231003,0.8194347561378827,0.8786037623713594,0.030484356927587136,
2,25,DB,0.2572854570482566,0.2305616304257845,57,0.18871640869496376,5520,0.21544869161198638,376.85825650626174,0.9264351058200375,0.3577649489758943,0.03621880345598022,0.21428570000000002
2,25,VS,0.2572854570482566,0.2305616304257845,57,0.18871640869496376,5520,0.21544869161198638,382.9151185066364,1.9844233378975493,0.006737946999085468,0.09126158860970816,0.116
2,25,SG,0.2572854570482566,0.2305616304257845,57,0.18871640869496376,5520,0.21544869161198638,359.1744583250017,0.8138502946451847,0.36978704384524647,0.033508206973217144,8.778115825010266
3,25,AS,0.046267127933224586,0.021909168259114903,58,0.0517219204881139,9360,0.02122642922207084,475.0419597151133,0.7961063764763132,2.5857199345294197,0.030082473910586577,
3,25,DB,0.046267127933224586,0.021909168259114903,58,0.0517219204881139,9360,0.02122642922207084,473.82413807953634,1.0518161212423451,7.697401557846891,0.050656506856127326,0.23774209244439193
3,25,VS,0.046267127933224586,0.021909168259114903,58,0.0517219204881139,9360,0.02122642922207084,457.72937653415454,1.8673605303477712,0.1254213284869632,0.09942220114242567,0.116
3,25,SG,0.046267127933224586,0.021909168259114903,58,0.0517219204881139,9360,0.02122642922207084,461.2767076656031,1.0057629128492451,0.47275875680523227,0.051942466963949295,11.644490659287744
4,25,AS,0.2865529024293121,0.2911333210911721,59,0.28846719978292656,13200,0.2835253718092683,352.62932128007174,2.3664046973273996,0.03575712376441588,0.0631057330306852,
4,25,DB,0.2865529024293121,0.2911333210911721,59,0.28846719978292656,13200,0.2835253718092683,356.5217620616792,2.3780683200931154,0.035756507568291324,0.06503547503031427,0.21428570000000002
4,25,VS,0.2865529024293121,0.2911333210911721,59,0.28846719978292656,13200,0.2835253718092683,354.1738822600129,2.360655610652968,0.028600149276360183,0.06508496887406727,0.116
4,25,SG,0.2865529024293121,0.2911333210911721,59,0.28846719978292656,13200,0.2835253718092683,354.6195293265985,2.349235997989638,0.02065171851979543,0.06446755679025729,18.999999999999996
1,26,AS,0.3986240569691046,0.40173200222406025,60,0.40252883943033835,1800,0.3920396202192865,321.34681683629776,1.73223723945602,0.15266745181266303,0.0441450827125792,
1,26,DB,0.3986240569691046,0.40173200222406025,60,0.40252883943033835,1800,0.3920396202192865,326.5528718423719,1.7228140696546381,0.14370113023068112,0.04596365954112952,0.21428570000000002
1,26,VS,0.3986240569691046,0.40173200222406025,60,0.40252883943033835,1800,0.3920396202192865,320.9188128301899,1.8129182908885095,0.12713408088436093,0.051344138703524916,0.116
1,26,SG,0.3986240569691046,0.40173200222406025,60,0.40252883943033835,1800,0.3920396202192865,323.01618293693195,1.72530429466808,0.12933572588901462,0.04553466446391015,18.723559706298452
2,26,AS,0.2434275917856429,0.21992198505178837,61,0.24669549912532962,5640,0.22393565576754398,419.0021661186488,1.303892272695342,0.2499006091859718,0.051613766198203924,
2,26,DB,0.2434275917856429,0.21992198505178837,61,0.24669549912532962,5640,0.22393565576754398,416.8463090226117,1.461478763998051,0.1957359607502225,0.05862701980575363,0.21428570000000002
2,26,VS,0.2434275917856429,0.21992198505178837,61,0.24669549912532962,5640,0.22393565576754398,404.6213475640242,2.042285548687247,0.006737946999085468,0.09823068537125704,0.116
2,26,SG,0.2434275917856429,0.21992198505178837,61,0.24669549912532962,5640,0.22393565576754398,406.37663386586246,1.5632788503502206,0.1539038018503288,0.06304366879943588,18.337441784397623
3,26,AS,0.39542829784989436,0.3920843643277132,62,0.27402528689867345,9480,0.36524664718146627,323.7045766819813,0.8346875064978923,0.41546482902570436,0.027659039757903146,
3,26,DB,0.39542829784989436,0.3920843643277132,62,0.27402528689867345,9480,0.36524664718146627,338.0518090066517,0.9954884510809594,0.3646480621712621,0.03557978255252046,0.21428570000000002
3,26,VS,0.39542829784989436,0.3920843643277132,62,0.27402528689867345,9480,0.36524664718146627,386.3019521938736,2.267541384336676,0.006737946999085468,0.10264384307972257,0.116
3,26,SG,0.39542829784989436,0.3920843643277132,62,0.27402528689867345,9480,0.36524664718146627,321.9982421725024,1.1402351299094986,0.3082332438837429,0.041110353296103325,8.985880115912646
4,26,AS,0.2762159445078982,0.26867034091923103,63,0.267301599399136,13320,0.2711287253599493,392.8180328502124,2.3805142974520686,0.028490897859653214,0.08874079196219584,
4,26,DB,0.2762159445078982,0.26867034091923103,63,0.267301599399136,13320,0.2711287253599493,391.49756440208967,2.4428792299768087,0.020577553837294156,0.0894614015579641,0.21428570000000002
4,26,VS,0.2762159445078982,0.26867034091923103,63,0.267301599399136,13320,0.2711287253599493,393.55322298605336,2.497658636983435,0.007286996227147052,0.09756172956966219,0.116
4,26,SG,0.2762159445078982,0.26867034091923103,63,0.267301599399136,13320,0.2711287253599493,388.7650738028611,2.581432664676333,0.012106912695813977,0.0901712182534458,9.224982874482173
1,27,AS,0.279805088654682,0.3705725276611053,64,0.2131595117054778,1920,0.29296755437427924,328.59965152587904,0.3676544649496041,17.626567158016975,0.00313545339338251,
1,27,DB,0.279805088654682,0.3705725276611053,64,0.2131595117054778,1920,0.29296755437427924,369.9556879319312,0.5557809680594258,5.2818596197154255,0.015509817866394679,0.21428570000000002
1,27,VS,0.279805088654682,0.3705725276611053,64,0.2131595117054778,1920,0.29296755437427924,410.8371863096378,2.0848968539509003,0.006737946999085468,0.09576372225131861,0.116
1,27,SG,0.279805088654682,0.3705725276611053,64,0.2131595117054778,1920,0.29296755437427924,376.437439194945,1.2902515840700592,0.21069443673178648,0.05513336701085175,11.219316191916336
2,27,AS,0.2951185148088526,0.34131308239701913,65,0.2592955449946741,5760,0.3286874199905945,353.7995430982471,0.6685439021282849,0.7588491130865958,0.021312753256089258,
2,27,DB,0.2951185148088526,0.34131308239701913,65,0.2592955449946741,5760,0.3286874199905945,360.5811467271174,0.6525200673683749,2.907274911117038,0.021262838192757254,0.21428570000000002
2,27,VS,0.2951185148088526,0.34131308239701913,65,0.2592955449946741,5760,0.3286874199905945,397.853503308344,2.177191467393164,0.010088976454680357,0.0917868281326424,0.116
2,27,SG,0.2951185148088526,0.34131308239701913,65,0.2592955449946741,5760,0.3286874199905945,378.6119637939401,1.0542929405316106,0.3395138465140548,0.03776086187345674,18.999999999999996
3,27,AS,0.48301214938834636,0.46508097614194904,66,0.4406114907529685,9600,0.45402229397131333,287.3202748951672,1.8006995111716342,0.006737946999085468,0.054627037477948046,
3,27,DB,0.48301214938834636,0.46508097614194904,66,0.4406114907529685,9600,0.45402229397131333,293.2602087160449,1.8337178992244365,0.006737946999085468,0.05565560995329331,0.21428570000000002
3,27,VS,0.48301214938834636,0.46508097614194904,66,0.4406114907529685,9600,0.45402229397131333,300.46353388378526,1.7350587521112268,0.006737946999085468,0.05694856829584019,0.116
3,27,SG,0.48301214938834636,0.46508097614194904,66,0.4406114907529685,9600,0.45402229397131333,277.68892996899586,2.2378712967924135,0.006737946999085468,0.04888135532475736,2.635119703044891
4,27,AS,0.31273253997925454,0.3038334317292529,67,0.21823877069534875,13440,0.29565347262932445,373.93093318261816,0.6939037829583254,0.4935242832552377,0.026808220912198553,
4,27,DB,0.31273253997925454,0.3038334317292529,67,0.21823877069534875,13440,0.29565347262932445,378.3246226802764,0.6974352842530797,0.48916364017542896,0.027595942997921397,0.21428570000000002
4,27,VS,0.31273253997925454,0.3038334317292529,67,0.21823877069534875,13440,0.29565347262932445,419.9062685902932,1.2821599202248637,0.27426938015558866,0.0670296685842582,0.116
4,27,SG,0.31273253997925454,0.3038334317292529,67,0.21823877069534875,13440,0.29565347262932445,369.1509681511431,0.6894945911043248,0.47868596021601423,0.02639508256831382,14.87254754198909
1,29,AS,0.4760273275920505,0.4616969522915436,68,0.42008607988345414,2040,0.45710991606497015,285.78957642714334,0.8576696062595371,0.46230671105050286,0.022664652710669336,
1,29,DB,0.4760273275920505,0.4616969522915436,68,0.42008607988345414,2040,0.45710991606497015,288.2611867964218,0.8762120804022876,0.4607594726671643,0.02241028763001199,0.21428570000000002
1,29,VS,0.4760273275920505,0.4616969522915436,68,0.42008607988345414,2040,0.45710991606497015,308.0519820751558,0.8472038094601875,0.44682852597967815,0.025730986504092886,0.116
1,29,SG,0.4760273275920505,0.4616969522915436,68,0.42008607988345414,2040,0.45710991606497015,278.13938058870303,0.8551827464836195,0.4481143661084425,0.021837551840731027,9.765078322922705
2,29,AS,0.39845277469731466,0.392873325722666,69,0.3536019153013288,5880,0.3973216456869409,326.10506482162896,0.803489399709976,0.427843528894028,0.02370054654954669,
2,29,DB,0.39845277469731466,0.392873325722666,69,0.3536019153013288,5880,0.3973216456869409,323.7157452088416,0.8426090080482225,0.3949936708016788,0.024437482822236255,0.21428570000000002
2,29,VS,0.39845277469731466,0.392873325722666,69,0.3536019153013288,5880,0.3973216456869409,347.1988602084497,0.8080383408820522,0.41776879573888487,0.027955648232376125,0.116
2,29,SG,0.39845277469731466,0.392873325722666,69,0.3536019153013288,5880,0.3973216456869409,323.1081835336959,0.7821703693848616,0.4320465989443226,0.023268609150985484,18.35712993680159
3,29,AS,0.2970995169279572,0.33001274698806826,70,0.3382163127373478,9720,0.3204163653176181,359.8692757704748,0.5260674522665839,1.1662144901533413,0.013743030098111408,
3,29,DB,0.2970995169279572,0.33001274698806826,70,0.3382163127373478,9720,0.3204163653176181,365.02376625702806,0.6227083977877954,0.44388238449379697,0.021475296028428705,0.21428570000000002
3,29,VS,0.2970995169279572,0.33001274698806826,70,0.3382163127373478,9720,0.3204163653176181,355.4629064676903,0.6770132564316029,0.42166792034629597,0.02428319681363965,0.116
3,29,SG,0.2970995169279572,0.33001274698806826,70,0.3382163127373478,9720,0.3204163653176181,377.5479110157759,0.6066785874614229,0.4691540285047748,0.019433550477133847,14.484164591091043
4,29,AS,0.3111920553870474,0.3373524515155598,71,0.30639805644721996,13560,0.32247357359995393,355.926910985468,0.79900819323101,0.40215552053548254,0.02355200554122219,
4,29,DB,0.3111920553870474,0.3373524515155598,71,0.30639805644721996,13560,0.32247357359995393,363.91878097358415,0.7919605080596859,0.4030564779300985,0.02423765612793075,0.21428570000000002
4,29,VS,0.3111920553870474,0.3373524515155598,71,0.30639805644721996,13560,0.32247357359995393,372.55340004937005,1.4403350318805177,0.21469120728350072,0.05180593410866064,0.116
4,29,SG,0.3111920553870474,0.3373524515155598,71,0.30639805644721996,13560,0.32247357359995393,369.9784063927528,1.226804990998156,0.2592922670081901,0.042457368828550945,18.999999999999996
1,30,AS,0.0671718927830145,0.16969102591834712,72,0.08113471039056643,2160,0.18714203269300395,352.2022208092348,0.7582330028295758,0.618004850853153,0.028878193572834294,
1,30,DB,0.0671718927830145,0.16969102591834712,72,0.08113471039056643,2160,0.18714203269300395,342.942947869805,0.5307074679620377,1.812896134441309,0.01477300838836282,0.21428570000000002
1,30,VS,0.0671718927830145,0.16969102591834712,72,0.08113471039056643,2160,0.18714203269300395,402.3086638083189,1.8781552286401166,0.057252539039232275,0.09645662350807038,0.12573872352929907
1,30,SG,0.0671718927830145,0.16969102591834712,72,0.08113471039056643,2160,0.18714203269300395,406.468478163456,3.5665367244964097,0.24813413390009345,0.06743150134160454,16.661937829101017
2,30,AS,0.029947302258565678,-1.2786737166997408,73,0.07291805470049952,6000,0.05308740089171682,1217.907854761964,1.0046382034859134,0.4048055277362597,0.06401318416890762,
2,30,DB,0.029947302258565678,-1.2786737166997408,73,0.07291805470049952,6000,0.05308740089171682,501.0692467646421,1.1500413958537055,0.1836892308435925,0.07977918807106237,0.21428570000000002
2,30,VS,0.029947302258565678,-1.2786737166997408,73,0.07291805470049952,6000,0.05308740089171682,490.4705545869206,1.4672925131447008,0.05125888078174068,0.10953389570773064,0.116
2,30,SG,0.029947302258565678,-1.2786737166997408,73,0.07291805470049952,6000,0.05308740089171682,513.4318221213027,1.333081429393577,0.1015596538055296,0.10054948082021176,18.999999999999996
3,30,AS,0.3679864326563579,0.3422535261032901,74,0.31380798118071723,9840,0.35819584612727146,349.75707006195546,1.1142030415412136,0.3778510930020589,0.028125427586550886,
3,30,DB,0.3679864326563579,0.3422535261032901,74,0.31380798118071723,9840,0.35819584612727146,341.3230775299316,1.0615989135552306,0.38436354824445346,0.025817411433604543,0.21428570000000002
3,30,VS,0.3679864326563579,0.3422535261032901,74,0.31380798118071723,9840,0.35819584612727146,365.0436484081358,1.1716107577961872,0.336334326208229,0.03424158387874126,0.11631660371316488
3,30,SG,0.3679864326563579,0.3422535261032901,74,0.31380798118071723,9840,0.35819584612727146,336.0862856995895,1.101370411452292,0.3717085136034155,0.02726393278980182,10.44551007031899
4,30,AS,0.399543939508151,0.417493023833896,75,0.2498591409773985,13680,0.4070819553166612,312.8811222926533,0.356785755487973,0.5383956858561239,0.002199319455682428,
4,30,DB,0.399543939508151,0.417493023833896,75,0.2498591409773985,13680,0.4070819553166612,318.473204336679,0.31827619727733575,0.6575600867939082,0.0007856421339041106,0.21428570000000002
4,30,VS,0.399543939508151,0.417493023833896,75,0.2498591409773985,13680,0.4070819553166612,402.9220652314379,1.3149085125685238,0.1856598806988333,0.07948616764077526,0.11844716112258247
4,30,SG,0.399543939508151,0.417493023833896,75,0.2498591409773985,13680,0.4070819553166612,322.52208777074435,0.6323469904710105,0.45072096986738647,0.022770964698171716,18.999999999999996
1,31,AS,0.29487991307237515,0.28675412851591586,76,0.2367881659553886,2280,0.29044999964499235,383.1047144007192,0.9407319734654629,0.38182519171039797,0.039192666280722724,
1,31,DB,0.29487991307237515,0.28675412851591586,76,0.2367881659553886,2280,0.29044999964499235,381.11955653303954,0.9402964859537655,0.3793526864216251,0.03890500566780114,0.21428570000000002
1,31,VS,0.29487991307237515,0.28675412851591586,76,0.2367881659553886,2280,0.29044999964499235,409.942858975854,2.0470738126696784,0.006737946999085468,0.09540775244695367,0.11628345216619106
1,31,SG,0.29487991307237515,0.28675412851591586,76,0.2367881659553886,2280,0.29044999964499235,378.7401235965598,0.7874931895955036,0.4134444332451332,0.0350384626688292,7.503282129311038
2,31,AS,0.30833193647732676,-0.8083041623664655,77,0.28203948691912856,6120,0.29024360232126295,971.2917766093168,0.8350822086659295,1.3382627668916207,0.028067736399721127,
2,31,DB,0.30833193647732676,-0.8083041623664655,77,0.28203948691912856,6120,0.29024360232126295,381.2304184264226,0.946826086887638,0.3958553428525561,0.03613157747188936,0.21428570000000002
2,31,VS,0.30833193647732676,-0.8083041623664655,77,0.28203948691912856,6120,0.29024360232126295,385.6370829634432,0.9488961175176497,0.3700328687134153,0.04150992891847399,0.116
2,31,SG,0.30833193647732676,-0.8083041623664655,77,0.28203948691912856,6120,0.29024360232126295,371.5146578901231,0.9325473175565875,0.3878408486788613,0.03437580204037167,9.25465891964335
3,31,AS,0.444554554437798,0.44481036763874393,78,0.4254567589691991,9960,0.43675877029112714,298.2081972678416,1.3871916235289252,0.24029131717749894,0.03446351905237588,
3,31,DB,0.444554554437798,0.44481036763874393,78,0.4254567589691991,9960,0.43675877029112714,302.5329400047466,1.3599276449741706,0.23689111430691295,0.03528036002810332,0.21428570000000002
3,31,VS,0.444554554437798,0.44481036763874393,78,0.4254567589691991,9960,0.43675877029112714,308.60357285766673,1.4921774405446224,0.20848775365826386,0.03982570820185392,0.11630753991384467
3,31,SG,0.444554554437798,0.44481036763874393,78,0.4254567589691991,9960,0.43675877029112714,298.3456018392615,1.375692727978941,0.23146216355552943,0.03428699788335616,18.999999999999996
4,31,AS,0.27930260710594856,0.2938934798675247,79,0.19396957896783718,13800,0.27928288809347157,379.2699650247805,0.3720077629095972,0.5098150639378354,0.003760828616973185,
4,31,DB,0.27930260710594856,0.2938934798675247,79,0.19396957896783718,13800,0.27928288809347157,387.1177308690851,0.35445856205612675,0.5011441906546378,0.0034020844268818663,0.21428570000000002
4,31,VS,0.27930260710594856,0.2938934798675247,79,0.19396957896783718,13800,0.27928288809347157,432.9419441367336,1.421855589973215,0.1062548733248196,0.07668140969228268,0.116
4,31,SG,0.27930260710594856,0.2938934798675247,79,0.19396957896783718,13800,0.27928288809347157,387.1071392246813,0.6702914832936033,0.40734046285648884,0.02496449622275757,18.999999999999996
1,33,AS,0.24962946183349286,0.26534095380323097,80,0.2348828490349708,2400,0.23999178065274032,381.2868450060467,1.3225626582120023,0.32931059007653557,0.039017130139609654,
1,33,DB,0.24962946183349286,0.26534095380323097,80,0.2348828490349708,2400,0.23999178065274032,394.8453766775355,1.8125006664709111,0.19400215122515826,0.056990441808269295,0.21428570000000002
1,33,VS,0.24962946183349286,0.26534095380323097,80,0.2348828490349708,2400,0.23999178065274032,397.3368906688574,2.3516832002199344,0.04127818604319591,0.0798748785123974,0.116
1,33,SG,0.24962946183349286,0.26534095380323097,80,0.2348828490349708,2400,0.23999178065274032,389.52072802038487,2.040820982710718,0.1394055365440715,0.06427625712422108,4.732802079259631
2,33,AS,0.2655557811047206,0.2488397265560428,81,0.23413113557597884,6240,0.26710730943526356,403.469621812364,0.7097520936223999,5.341416736644126,0.02619504423102196,
2,33,DB,0.2655557811047206,0.2488397265560428,81,0.23413113557597884,6240,0.26710730943526356,393.6575816709,0.9208527046861971,2.8337737028803978,0.037995058847237716,0.21428570000000002
2,33,VS,0.2655557811047206,0.2488397265560428,81,0.23413113557597884,6240,0.26710730943526356,411.3700258272228,2.0525641612015217,0.006737946999085468,0.10374891732464626,0.116
2,33,SG,0.2655557811047206,0.2488397265560428,81,0.23413113557597884,6240,0.26710730943526356,394.4909518195704,1.299210568386538,0.2661807938644423,0.05404944264262996,8.699467431860555
3,33,AS,0.4365807771940099,0.41372346183197195,82,0.2987490202836451,10080,0.41024650154942893,314.90586163135856,0.8298086175986555,0.40742709227444074,0.026281211818312295,
3,33,DB,0.4365807771940099,0.41372346183197195,82,0.2987490202836451,10080,0.41024650154942893,316.7734362354073,0.830808714306249,0.4055297314476542,0.02652334252619825,0.21428570000000002
3,33,VS,0.4365807771940099,0.41372346183197195,82,0.2987490202836451,10080,0.41024650154942893,376.6619156847844,1.791223716272968,0.048419090891074774,0.07509374280696818,0.116
3,33,SG,0.4365807771940099,0.41372346183197195,82,0.2987490202836451,10080,0.41024650154942893,302.6285451773283,0.8417429058902106,0.39403021399019206,0.026517443713446984,7.347145574854501
4,33,AS,0.28909269317777975,0.2895427812438579,83,0.29538333847209236,13920,0.2839731399532177,381.6068494293061,1.1561690610191857,0.15785935831647693,0.045448190758170824,
4,33,DB,0.28909269317777975,0.2895427812438579,83,0.29538333847209236,13920,0.2839731399532177,384.59846273023606,1.1807275627451346,0.15711817354540675,0.046545982320410836,0.21428570000000002
4,33,VS,0.28909269317777975,0.2895427812438579,83,0.29538333847209236,13920,0.2839731399532177,378.4697194460536,1.1935954157228568,0.15128152137778328,0.046838715794808077,0.116
4,33,SG,0.28909269317777975,0.2895427812438579,83,0.29538333847209236,13920,0.2839731399532177,381.8486045756083,1.0289551912260133,0.1658955924484054,0.04294605505779318,18.778446233378727
1,34,AS,0.4108071246449947,0.37972316706582865,84,0.3693407614986114,2520,0.36974559652624917,333.1683903562995,0.8103561938239514,0.43759172512047473,0.021455292376985537,
1,34,DB,0.4108071246449947,0.37972316706582865,84,0.3693407614986114,2520,0.36974559652624917,338.5276282640143,0.8112909528375464,0.43478295766088515,0.02179119347055021,0.21428570000000002
1,34,VS,0.4108071246449947,0.37972316706582865,84,0.3693407614986114,2520,0.36974559652624917,338.7450767117984,0.8468705939912075,0.3908301865667005,0.02447143651349951,0.116
1,34,SG,0.4108071246449947,0.37972316706582865,84,0.3693407614986114,2520,0.36974559652624917,316.4723095699752,0.800514618877216,0.41454827810500433,0.021637340040933276,7.081979274090023
2,34,AS,0.22320435422981183,0.2394362274649634,85,0.21383689025027208,6360,0.2541863709223145,408.52050956045485,1.0485422571840404,0.31561605642104973,0.03921611847023,
2,34,DB,0.22320435422981183,0.2394362274649634,85,0.21383689025027208,6360,0.2541863709223145,400.59778652409136,1.0272347654713456,0.31907243245652894,0.04042452292989053,0.21428570000000002
2,34,VS,0.22320435422981183,0.2394362274649634,85,0.21383689025027208,6360,0.2541863709223145,422.270644211884,1.8734328766874202,0.08642552781427879,0.07005440116922579,0.116
2,34,SG,0.22320435422981183,0.2394362274649634,85,0.21383689025027208,6360,0.2541863709223145,417.23911195068297,1.5195309158865682,0.18653974480195948,0.05756915444924491,18.999999999999996
3,34,AS,0.23463252418977143,0.19059318790860433,86,0.23150916875873234,10200,0.2754252530250906,434.7555001405855,0.8416743115537366,0.45125558332300514,0.026417678132540104,
3,34,DB,0.23463252418977143,0.19059318790860433,86,0.23150916875873234,10200,0.2754252530250906,389.1897767654872,1.0942817334663932,0.28094658649613585,0.0394836637674366,0.21428570000000002
3,34,VS,0.23463252418977143,0.19059318790860433,86,0.23150916875873234,10200,0.2754252530250906,412.778359038601,1.702791770078706,0.09973420482458895,0.06720010087489219,0.116
3,34,SG,0.23463252418977143,0.19059318790860433,86,0.23150916875873234,10200,0.2754252530250906,411.1007156925689,1.4613388469110298,0.16407212348883812,0.056051289832985615,18.999999999999996
4,34,AS,0.3196119050609447,0.34230096021435885,87,0.3197584925803243,14040,0.3305084030227054,353.2689257274277,0.9629139227698778,0.33518713314517906,0.036849758730621796,
4,34,DB,0.3196119050609447,0.34230096021435885,87,0.3197584925803243,14040,0.3305084030227054,359.6030447676994,0.9704537531273416,0.33154423583495574,0.038214466907157005,0.21428570000000002
4,34,VS,0.3196119050609447,0.34230096021435885,87,0.3197584925803243,14040,0.3305084030227054,365.3771284806446,1.898865778533605,0.044092895246996014,0.07185223729045136,0.116
4,34,SG,0.3196119050609447,0.34230096021435885,87,0.3197584925803243,14040,0.3305084030227054,365.45586482107353,1.5711421116580535,0.14517465956248918,0.06171196069688093,18.999999999999996
1,35,AS,0.023155013523355333,0.02372014220873958,88,0.060252951819251416,2640,0.04211684686657302,503.49839107548326,1.6262016215609392,0.28448821244668165,0.0688474839379799,
1,35,DB,0.023155013523355333,0.02372014220873958,88,0.060252951819251416,2640,0.04211684686657302,494.983633504478,1.5368407276194258,0.15196829079106544,0.06527977970306581,0.21428570000000002
1,35,VS,0.023155013523355333,0.02372014220873958,88,0.060252951819251416,2640,0.04211684686657302,486.065095992196,1.7798055135685247,0.061078772864660326,0.08047403315891023,0.116
1,35,SG,0.023155013523355333,0.02372014220873958,88,0.060252951819251416,2640,0.04211684686657302,503.8537869250326,1.6611353506014992,0.1037006269236227,0.07007337335757302,18.999999999999996
2,35,AS,0.25814667262971863,0.23609655347638303,89,0.26407080931523064,6480,0.23117713637022616,410.3143437777135,1.6538685553579788,0.22118257090109328,0.06211131665296729,
2,35,DB,0.25814667262971863,0.23609655347638303,89,0.26407080931523064,6480,0.23117713637022616,412.9567031110396,1.6268542483801627,0.2289188946408453,0.0595695186499331,0.21428570000000002
2,35,VS,0.25814667262971863,0.23609655347638303,89,0.26407080931523064,6480,0.23117713637022616,395.288572550444,2.6644634905335365,0.006737946999085468,0.10445087196693856,0.116
2,35,SG,0.25814667262971863,0.23609655347638303,89,0.26407080931523064,6480,0.23117713637022616,398.4705954456505,2.374230165743136,0.05837078427996056,0.08783419066697556,18.392453852685527
3,35,AS,0.3746819937970183,0.3694529386470962,90,0.375761707981359,10320,0.36190308625305456,338.6848231636872,2.0173669882847682,0.006737946999085468,0.06872755570745469,
3,35,DB,0.3746819937970183,0.3694529386470962,90,0.375761707981359,10320,0.36190308625305456,342.7400643656707,2.0500916426574767,0.006737946999085468,0.07032018601798455,0.21428570000000002
3,35,VS,0.3746819937970183,0.3694529386470962,90,0.375761707981359,10320,0.36190308625305456,335.296203094995,1.9886726045716103,0.006737946999085468,0.06783927741627796,0.12117387372382298
3,35,SG,0.3746819937970183,0.3694529386470962,90,0.375761707981359,10320,0.36190308625305456,335.8761483996423,1.9295738463882934,0.006737946999085468,0.06491025584951199,6.232049801024107
4,35,AS,0.38870984256554264,0.3716865135603332,91,0.2837197717132547,14160,0.3835788166730424,337.4851063290874,0.7014866662875978,5.348267813891867,0.01732359814762099,
4,35,DB,0.38870984256554264,0.3716865135603332,91,0.2837197717132547,14160,0.3835788166730424,331.09741090775765,0.831868564029351,0.4279349611653915,0.023304203813238198,0.21428570000000002
4,35,VS,0.38870984256554264,0.3716865135603332,91,0.2837197717132547,14160,0.3835788166730424,384.7345540433303,1.6188681278306405,0.18451907419858776,0.06457673503375275,0.116
4,35,SG,0.38870984256554264,0.3716865135603332,91,0.2837197717132547,14160,0.3835788166730424,328.3413904557375,0.986029939021212,0.3742382155383234,0.030485671120551804,17.279215988856887
1,36,AS,0.460290075513327,0.44864729260327435,92,0.43996984019472063,2760,0.4370103167642258,296.14727535930695,1.5177260505849068,0.23413443908227688,0.03311916366322955,
1,36,DB,0.460290075513327,0.44864729260327435,92,0.43996984019472063,2760,0.4370103167642258,302.3978272146306,1.5284946302209828,0.22977693322534487,0.03486509348486463,0.21566577337698556
1,36,VS,0.460290075513327,0.44864729260327435,92,0.43996984019472063,2760,0.4370103167642258,300.8081827120374,1.5932605361928573,0.21259472387639478,0.037786204523799015,0.116
1,36,SG,0.460290075513327,0.44864729260327435,92,0.43996984019472063,2760,0.4370103167642258,289.89360436040675,1.550207518312911,0.23077836372469596,0.03268350774258751,8.681638049743249
2,36,AS,0.32969586179847127,0.4241495574247133,93,0.3476169000183806,6600,0.38725262660824294,309.305708116189,0.44652965006871453,7.612726016254127,0.009866824855139247,
2,36,DB,0.32969586179847127,0.4241495574247133,93,0.3476169000183806,6600,0.38725262660824294,329.1241027369595,0.5430569045010472,2.583828753584239,0.016862929498201597,0.21428570000000002
2,36,VS,0.32969586179847127,0.4241495574247133,93,0.3476169000183806,6600,0.38725262660824294,350.4135827358816,1.6629141586002807,0.05182943209164099,0.10014181458633097,0.116
2,36,SG,0.32969586179847127,0.4241495574247133,93,0.3476169000183806,6600,0.38725262660824294,360.0394838500615,1.0046994537178044,0.2993893355414404,0.04726810868362624,18.999999999999996
3,36,AS,0.42041191976489994,0.38757002693749437,94,0.27880692940132035,10440,0.3833007947291668,328.9536179611619,0.8112195871744051,0.45661918621186115,0.02455280847253996,
3,36,DB,0.42041191976489994,0.38757002693749437,94,0.27880692940132035,10440,0.3833007947291668,331.2467444288672,0.8218974150199877,0.4538002932954982,0.024868134305032447,0.21428570000000002
3,36,VS,0.42041191976489994,0.38757002693749437,94,0.27880692940132035,10440,0.3833007947291668,387.3733818670275,0.9845422554715814,0.35607300619519844,0.042934628686729016,0.116
3,36,SG,0.42041191976489994,0.38757002693749437,94,0.27880692940132035,10440,0.3833007947291668,311.3132999795905,0.8086269768712444,0.42402450548250126,0.024681487980376976,6.118415560319624
4,36,AS,0.2603264548108183,0.2455931869661524,95,0.1703509981832237,14280,0.24808082156694816,399.6162841519479,0.7840343173331752,5.320794310481854,0.02585163998995977,
4,36,DB,0.2603264548108183,0.2455931869661524,95,0.1703509981832237,14280,0.24808082156694816,398.3079788029599,0.9254838710055974,0.4246079385532488,0.03511587077867359,0.21428570000000002
4,36,VS,0.2603264548108183,0.2455931869661524,95,0.1703509981832237,14280,0.24808082156694816,440.79942317239545,1.3444922442691185,0.32798323682568026,0.05738480857350586,0.116
4,36,SG,0.2603264548108183,0.2455931869661524,95,0.1703509981832237,14280,0.24808082156694816,391.7272173537692,0.8762690540311848,0.43392880832789604,0.034063236707365635,18.877916459712893
1,37,AS,0.30288995745123115,0.2862971177961239,96,0.1763183983352039,2880,0.2913144509307528,370.29913841651575,0.6878229878516664,1.9343806696352512,0.020608047043137952,
1,37,DB,0.30288995745123115,0.2862971177961239,96,0.1763183983352039,2880,0.2913144509307528,367.3889551746031,0.7740742479893614,0.3925575443637477,0.027077063560062977,0.21428570000000002
1,37,VS,0.30288995745123115,0.2862971177961239,96,0.1763183983352039,2880,0.2913144509307528,425.0453671942942,1.8154490628901345,0.006737946999085468,0.12255284438011943,0.116
1,37,SG,0.30288995745123115,0.2862971177961239,96,0.1763183983352039,2880,0.2913144509307528,361.5858621766913,0.872863012460622,0.3468337814465246,0.03579189097784465,18.999999999999996
2,37,AS,0.42817777478524427,0.43141350102618714,97,0.34564868076599053,6720,0.42208252360018306,305.404036686847,1.5483213682435206,0.026303501331313164,0.05136520032904443,
2,37,DB,0.42817777478524427,0.43141350102618714,97,0.34564868076599053,6720,0.42208252360018306,310.41597097877747,1.559746460223993,0.026117178871380674,0.053089744500829074,0.21428570000000002
2,37,VS,0.42817777478524427,0.43141350102618714,97,0.34564868076599053,6720,0.42208252360018306,351.4707694714964,1.5161332370430165,0.006788605845194151,0.0827897883442804,0.11602801675389458
2,37,SG,0.42817777478524427,0.43141350102618714,97,0.34564868076599053,6720,0.42208252360018306,307.1420376020658,1.554391830505062,0.017162758652584504,0.052955733716646525,18.999999999999996
3,37,AS,0.2601432347307502,-0.17849124628635682,98,0.22283004393785832,10560,0.24113607876845283,633.0012838249667,1.0307627020086345,0.3184627616457306,0.04701408210458849,
3,37,DB,0.2601432347307502,-0.17849124628635682,98,0.22283004393785832,10560,0.24113607876845283,407.607470909713,0.6434003205954593,0.7918255421085989,0.02437028098943042,0.21428570000000002
3,37,VS,0.2601432347307502,-0.17849124628635682,98,0.22283004393785832,10560,0.24113607876845283,417.4401646917213,1.9129957219634872,0.006737946999085468,0.11368066742233165,0.116
3,37,SG,0.2601432347307502,-0.17849124628635682,98,0.22283004393785832,10560,0.24113607876845283,397.3981849570943,1.227031554349826,0.20352630537290203,0.05875249420043973,18.999999999999996
4,37,AS,0.4489438796954419,0.4291220525295168,99,0.3601044170296783,14400,0.42168948605450624,306.634839074885,1.25164458094975,0.18262769121767755,0.04263656275960381,
4,37,DB,0.4489438796954419,0.4291220525295168,99,0.3601044170296783,14400,0.42168948605450624,310.627082662287,1.2823018181830133,0.18102345430502567,0.04390096769585455,0.21428570000000002
4,37,VS,0.4489438796954419,0.4291220525295168,99,0.3601044170296783,14400,0.42168948605450624,343.7061809415565,1.5826479644520306,0.015731905216689976,0.08273798461611268,0.11601189048856957
4,37,SG,0.4489438796954419,0.4291220525295168,99,0.3601044170296783,14400,0.42168948605450624,295.9879699671798,1.2616908899482484,0.16890736310805493,0.04178688448869767,7.461565998877784
1,38,AS,0.30789870242346706,0.3064112099548506,100,0.2765346702503261,3000,0.29275208597165103,372.546334925006,0.9024712943187442,0.4058810972445977,0.02725525076162276,
1,38,DB,0.30789870242346706,0.3064112099548506,100,0.2765346702503261,3000,0.29275208597165103,379.8830402628993,0.9007556378151053,0.4128466000421437,0.027489718047445412,0.21428570000000002
1,38,VS,0.30789870242346706,0.3064112099548506,100,0.2765346702503261,3000,0.29275208597165103,388.5938771098177,0.8670368394461895,0.42103899785346954,0.03223795492292813,0.116
1,38,SG,0.30789870242346706,0.3064112099548506,100,0.2765346702503261,3000,0.29275208597165103,371.7473602654305,1.02638865460336,0.3532023979821108,0.034563831836149916,15.114797111622009
2,38,AS,0.24190738832708214,0.19658813574650758,101,0.26002181848625183,6840,0.28058695534691447,431.5354425544009,0.35676051154332833,0.7298417414921788,0.002892129314113115,
2,38,DB,0.24190738832708214,0.19658813574650758,101,0.26002181848625183,6840,0.28058695534691447,386.4172791277382,0.6124514592721121,0.4103248935817156,0.01762393903710886,0.21428570000000002
2,38,VS,0.24190738832708214,0.19658813574650758,101,0.26002181848625183,6840,0.28058695534691447,397.46340108736825,1.4924735606769266,0.11228918535455394,0.06648843781898024,0.116
2,38,SG,0.24190738832708214,0.19658813574650758,101,0.26002181848625183,6840,0.28058695534691447,407.1931785317447,1.3340428993614326,0.18489351840241167,0.0562690535022003,18.999999999999996
3,38,AS,0.34989439584680976,0.3479529891152492,102,0.33945547993521996,10680,0.28851713570186577,350.23305968959875,1.5258514935141199,0.20026216143701486,0.07395957123695639,
3,38,DB,0.34989439584680976,0.3479529891152492,102,0.33945547993521996,10680,0.28851713570186577,382.1577529229691,1.606132905479949,0.041787693872679034,0.08107629779972331,0.21428570000000002
3,38,VS,0.34989439584680976,0.3479529891152492,102,0.33945547993521996,10680,0.28851713570186577,354.7973143985098,1.6724846688852755,0.006849820486504265,0.08463500243273797,0.11622515821028252
3,38,SG,0.34989439584680976,0.3479529891152492,102,0.33945547993521996,10680,0.28851713570186577,349.19027472418065,1.802991123507713,0.006737946999085468,0.08027520502053445,2.8221446221510567
4,38,AS,0.270993242701425,0.26654285781007453,103,0.269805825092889,14520,0.2604302209160354,393.9607647488631,1.1660299515144734,0.27593871985519103,0.04284118395111333,
4,38,DB,0.270993242701425,0.26654285781007453,103,0.269805825092889,14520,0.2604302209160354,397.2440364860742,1.1900434418641177,0.2701894610186212,0.044662444954618824,0.21428570000000002
4,38,VS,0.270993242701425,0.26654285781007453,103,0.269805825092889,14520,0.2604302209160354,392.2081318925656,1.120761583315539,0.28947411155285663,0.04216851033683672,0.116
4,38,SG,0.270993242701425,0.26654285781007453,103,0.269805825092889,14520,0.2604302209160354,391.5703360048081,1.1109711390800387,0.2788536517115707,0.042015470737064346,18.999999999999996
1,39,AS,0.529080479142803,0.5184870401850099,104,0.5053577542941752,3120,0.50830462311658,258.6343536294597,1.5613403203282141,0.16610683862634235,0.034689804640808064,
1,39,DB,0.529080479142803,0.5184870401850099,104,0.5053577542941752,3120,0.50830462311658,264.1036204543667,1.579088921118036,0.16063730014946387,0.03606330270713484,0.21428570000000002
1,39,VS,0.529080479142803,0.5184870401850099,104,0.5053577542941752,3120,0.50830462311658,265.68646780577825,1.5493020971960794,0.16309471744916215,0.037019870165658046,0.11677036641431611
1,39,SG,0.529080479142803,0.5184870401850099,104,0.5053577542941752,3120,0.50830462311658,252.944315216756,1.6663165854981172,0.15260531941041833,0.033798907130101405,2.514438907389536
2,39,AS,0.45474841060366,0.4641907587841124,105,0.2661959751136528,6960,0.450635760886939,287.79843604584994,0.6101545292309339,0.48569790999703927,0.012976103461924245,
2,39,DB,0.45474841060366,0.4641907587841124,105,0.2661959751136528,6960,0.450635760886939,295.07921229106495,0.6083663470886973,0.4854616178133445,0.013134621249211538,0.21428570000000002
2,39,VS,0.45474841060366,0.4641907587841124,105,0.2661959751136528,6960,0.450635760886939,394.1470853455273,2.096954042127117,0.006737946999085468,0.09481258900793046,0.116
2,39,SG,0.45474841060366,0.4641907587841124,105,0.2661959751136528,6960,0.450635760886939,292.8701907486391,0.7877632311472472,0.42121733036279235,0.021995129892222035,18.999999999999996
3,39,AS,0.2214386612168149,0.21152361430042266,106,0.15363104634001296,10800,0.20389452106219783,423.5131707480041,0.6230779408174558,3.345534744915263,0.023265002191924632,
3,39,DB,0.2214386612168149,0.21152361430042266,106,0.15363104634001296,10800,0.20389452106219783,427.6109744690198,0.6471780714702455,5.3454651287188355,0.026265143198549078,0.21428570000000002
3,39,VS,0.2214386612168149,0.21152361430042266,106,0.15363104634001296,10800,0.20389452106219783,454.6089213175072,1.5144285233303159,0.11958794593179735,0.09976405585552428,0.116
3,39,SG,0.2214386612168149,0.21152361430042266,106,0.15363104634001296,10800,0.20389452106219783,418.1875160627965,0.6794741732186702,0.46921376687356,0.029147942933425867,18.338283495503795
4,39,AS,0.24525264522764906,0.23388018525715873,107,0.23222133924103602,14640,0.24240845907122416,411.504818405861,0.9799887376421704,0.3850086901381592,0.038728112817595806,
4,39,DB,0.24525264522764906,0.23388018525715873,107,0.23222133924103602,14640,0.24240845907122416,406.9240391339524,0.6887419309955168,5.345679174121037,0.024165172136945454,0.21428570000000002
4,39,VS,0.24525264522764906,0.23388018525715873,107,0.23222133924103602,14640,0.24240845907122416,412.39583194642194,2.3047144121071783,0.006855836445550761,0.09853199027456896,0.116
4,39,SG,0.24525264522764906,0.23388018525715873,107,0.23222133924103602,14640,0.24240845907122416,405.3963455731157,3.395690989160778,0.11485772593833744,0.07918333774554172,16.68266502981649
1,41,AS,0.37293244385834784,0.38288823645686054,108,0.38215485489019724,3240,0.3758675757618496,331.46834125179265,1.6330071645730164,0.02003710965361788,0.054025561923964724,
1,41,DB,0.37293244385834784,0.38288823645686054,108,0.38215485489019724,3240,0.3758675757618496,335.23933848851,1.6652255942929564,0.015401771582620672,0.056100052084901326,0.21428570000000002
1,41,VS,0.37293244385834784,0.38288823645686054,108,0.38215485489019724,3240,0.3758675757618496,331.8622614227691,1.6957108479042462,0.010949376349730491,0.05578692027434221,0.116
1,41,SG,0.37293244385834784,0.38288823645686054,108,0.38215485489019724,3240,0.3758675757618496,336.81588160579395,1.5980649274579897,0.014091933636146095,0.05370253342049747,18.999999999999996
2,41,AS,0.3769507037057961,0.34823581158865646,109,0.26307840249051684,7080,0.338313674602743,350.0811476670653,0.8737918540317268,0.41468471290644215,0.031366033307961456,
2,41,DB,0.3769507037057961,0.34823581158865646,109,0.26307840249051684,7080,0.338313674602743,355.41061063097106,0.872348413880828,0.41405184313850213,0.03237744888890132,0.21428570000000002
2,41,VS,0.3769507037057961,0.34823581158865646,109,0.26307840249051684,7080,0.338313674602743,395.8216225803869,1.7331104919865676,0.09032328213860706,0.07969777386508808,0.116
2,41,SG,0.3769507037057961,0.34823581158865646,109,0.26307840249051684,7080,0.338313674602743,334.65755955614594,0.7813824650227121,0.42896983316434867,0.028710866472072716,5.767395628057832
3,41,AS,0.4517464801627451,0.4445176428792406,110,0.2776587797933101,10920,0.42935564876135046,298.3654280908594,0.7865226688172494,0.4413134543107287,0.02562082212334498,
3,41,DB,0.4517464801627451,0.4445176428792406,110,0.2776587797933101,10920,0.42935564876135046,306.50936787167217,0.792518396840413,0.4391021819274355,0.026463677478916897,0.21428570000000002
3,41,VS,0.4517464801627451,0.4445176428792406,110,0.2776587797933101,10920,0.42935564876135046,387.9900857909505,1.551614732243774,0.13918541093050554,0.07035958359965326,0.116
3,41,SG,0.4517464801627451,0.4445176428792406,110,0.2776587797933101,10920,0.42935564876135046,294.4826132668719,0.8037121902385307,0.43307073112333166,0.025632510650767826,18.74437986218042
4,41,AS,0.280054615588758,0.25210592750275057,111,0.209729945641293,14760,0.23929701784440532,397.9833882403922,0.5532896443131904,4.01037154996412,0.015460772227653102,
4,41,DB,0.280054615588758,0.25210592750275057,111,0.209729945641293,14760,0.23929701784440532,404.8662033152101,0.510439010319135,12.722424482271741,0.013635272034639928,0.21428570000000002
4,41,VS,0.280054615588758,0.25210592750275057,111,0.209729945641293,14760,0.23929701784440532,420.6096996327672,0.8274382928079271,0.39536343671684065,0.0423121204893831,0.116
4,41,SG,0.280054615588758,0.25210592750275057,111,0.209729945641293,14760,0.23929701784440532,382.9265711058632,0.587296385663345,0.591398019156654,0.02041615184306704,11.562729185986354
1,42,AS,0.2213675136338061,0.21874902499117477,112,0.22349848169230419,3360,0.18108171248277355,411.98236810224233,0.9227037115163541,0.3628988590023065,0.036847082969032476,
1,42,DB,0.2213675136338061,0.21874902499117477,112,0.22349848169230419,3360,0.18108171248277355,432.1973682848935,0.8382446320733657,2.828648640840046,0.032208671932715364,0.21428570000000002
1,42,VS,0.2213675136338061,0.21874902499117477,112,0.22349848169230419,3360,0.18108171248277355,409.14813543297953,1.788650698319677,0.1150985887453015,0.07906752593631888,0.116
1,42,SG,0.2213675136338061,0.21874902499117477,112,0.22349848169230419,3360,0.18108171248277355,410.43586341379705,0.8881490008948653,0.3653337454733,0.03654817644811062,17.759307663132624
2,42,AS,0.47949170770402716,0.4781732153013238,113,0.47529582455625125,7200,0.4796289410881014,280.28805957567045,1.8395506610437597,0.10984171375915018,0.029631310581856817,
2,42,DB,0.47949170770402716,0.4781732153013238,113,0.47529582455625125,7200,0.4796289410881014,279.5061477075669,1.9102156973849156,0.08729700950914296,0.029717802463564723,0.2143388371403733
2,42,VS,0.47949170770402716,0.4781732153013238,113,0.47529582455625125,7200,0.4796289410881014,281.83358826876554,1.8952072007978642,0.09600617014811443,0.03076780771401982,0.11607341162912975
2,42,SG,0.47949170770402716,0.4781732153013238,113,0.47529582455625125,7200,0.4796289410881014,279.579859674946,1.8846752290600308,0.09057200097767884,0.029539562937555153,11.449486294798596
3,42,AS,0.21373063943475692,0.2154549590200126,114,0.24459217641532682,11040,0.21673399675701963,421.4015332941827,2.005705768829322,0.10484696780006955,0.0725709146981912,
3,42,DB,0.21373063943475692,0.2154549590200126,114,0.24459217641532682,11040,0.21673399675701963,420.7145256204834,2.240758554487283,0.05883790045166343,0.07771597844500662,0.21428570000000002
3,42,VS,0.21373063943475692,0.2154549590200126,114,0.24459217641532682,11040,0.21673399675701963,405.75110222272485,2.4556093247310233,0.006737946999085468,0.09002264748722504,0.116
3,42,SG,0.21373063943475692,0.2154549590200126,114,0.24459217641532682,11040,0.21673399675701963,422.32771455741306,1.7721548605176771,0.1499350006209062,0.06379147690920488,16.0568241040907
4,42,AS,0.16849792045143686,0.18384836038543317,115,0.16697410445868402,14880,0.1635373969606744,438.3783395081237,1.5765161907827219,0.6031754820005325,0.07690157416051728,
4,42,DB,0.16849792045143686,0.18384836038543317,115,0.16697410445868402,14880,0.1635373969606744,449.28793766093855,1.7630969392381417,0.006737946999085468,0.08980308555907382,0.21428570000000002
4,42,VS,0.16849792045143686,0.18384836038543317,115,0.16697410445868402,14880,0.1635373969606744,447.44198397632175,1.792009384396779,0.006737946999085468,0.0903408705873258,0.116
4,42,SG,0.16849792045143686,0.18384836038543317,115,0.16697410445868402,14880,0.1635373969606744,446.6234989152192,1.7186383069929871,0.006737946999085468,0.08463989779054641,15.980921547257944
1,43,AS,0.4269889514255337,0.40709191186441396,116,0.36314906699459343,3480,0.4311147163115764,318.4678563907101,0.8529915179714107,1.7268579841065126,0.025627375436925094,
1,43,DB,0.4269889514255337,0.40709191186441396,116,0.36314906699459343,3480,0.4311147163115764,305.5645224847109,0.7825335624087492,0.41073072382229675,0.02425946334771764,0.21428570000000002
1,43,VS,0.4269889514255337,0.40709191186441396,116,0.36314906699459343,3480,0.4311147163115764,342.07081254772066,1.427852885913789,0.21984557599998983,0.05219189544318127,0.116
1,43,SG,0.4269889514255337,0.40709191186441396,116,0.36314906699459343,3480,0.4311147163115764,307.78058855890083,1.3015669149328781,0.2556980472007302,0.04430321975360827,13.693898380946907
2,43,AS,0.30866081242559185,0.29573745994572054,117,0.294664048465903,7320,0.2762266118432362,378.27951069554905,1.2025062262535562,0.280125716469545,0.04056470406534449,
2,43,DB,0.30866081242559185,0.29573745994572054,117,0.294664048465903,7320,0.2762266118432362,388.7593440725936,1.3697530460224514,0.23377054741089368,0.04510926719289669,0.21428570000000002
2,43,VS,0.30866081242559185,0.29573745994572054,117,0.294664048465903,7320,0.2762266118432362,378.8560706377108,1.9680402001511108,0.05211927142555491,0.06739969543079807,0.116
2,43,SG,0.30866081242559185,0.29573745994572054,117,0.294664048465903,7320,0.2762266118432362,371.3380092318264,1.6900442432507077,0.13015887548271385,0.055766428018134306,13.491717715090626
3,43,AS,0.3991381171433377,0.4012444074168524,118,0.35220646665885386,11160,0.3914517762736719,321.6087179237445,0.9059139635533073,0.44158295799085534,0.02859902057275046,
3,43,DB,0.3991381171433377,0.4012444074168524,118,0.35220646665885386,11160,0.3914517762736719,326.8686196032784,0.9134507195972773,0.4398311033306982,0.029191071928361744,0.21428570000000002
3,43,VS,0.3991381171433377,0.4012444074168524,118,0.35220646665885386,11160,0.3914517762736719,347.94839550197173,0.9480054799814776,0.4016781969863926,0.03397612582792016,0.116
3,43,SG,0.3991381171433377,0.4012444074168524,118,0.35220646665885386,11160,0.3914517762736719,322.740066545505,0.8954635963015221,0.43676565503218745,0.02944763173931174,18.999999999999996
4,43,AS,0.5231559022877142,0.507195378649587,119,0.487117013709747,15000,0.5028245031507608,264.69942731665355,0.7571852767873115,0.7977751727435122,0.01587986674171917,
4,43,DB,0.5231559022877142,0.507195378649587,119,0.487117013709747,15000,0.5028245031507608,267.0471492966977,0.7979816070052853,0.4630832857376628,0.018025154124220906,0.21428570000000002
4,43,VS,0.5231559022877142,0.507195378649587,119,0.487117013709747,15000,0.5028245031507608,275.4840901846004,0.915692738445323,0.39322670793877107,0.029774946295278458,0.12173625600859433
4,43,SG,0.5231559022877142,0.507195378649587,119,0.487117013709747,15000,0.5028245031507608,256.1265745396051,0.7309437711816588,0.49450515938232537,0.0171848315069222,18.999999999999996
1,44,AS,0.33854314442575484,0.35778396330152706,120,0.29820604170724063,3600,0.35166238315550125,324.08789773156525,0.8480895262243727,0.43482588542735034,0.026987077314085294,
1,44,DB,0.33854314442575484,0.35778396330152706,120,0.29820604170724063,3600,0.35166238315550125,326.9401501018482,0.8401959378890865,0.4387576945241026,0.02699799207730277,0.21428570000000002
1,44,VS,0.33854314442575484,0.35778396330152706,120,0.29820604170724063,3600,0.35166238315550125,350.219550134735,1.0039356553323913,0.37252846587428873,0.03988663307149878,0.116
1,44,SG,0.33854314442575484,0.35778396330152706,120,0.29820604170724063,3600,0.35166238315550125,330.9961943409192,0.8197691230952286,0.43538752784290846,0.028472154738391875,18.999999999999996
2,44,AS,0.37775771121446367,0.3721543933474779,121,0.29837944552254286,7440,0.33360845698027775,337.233794741605,0.9298057835394453,0.45507907453125485,0.026287325209562094,
2,44,DB,0.37775771121446367,0.3721543933474779,121,0.29837944552254286,7440,0.33360845698027775,357.9379173081161,0.8746719805882277,1.2625420291559475,0.024156588011796303,0.21428570000000002
2,44,VS,0.37775771121446367,0.3721543933474779,121,0.29837944552254286,7440,0.33360845698027775,376.8604248370452,0.9294835698747025,0.43725265641210687,0.034522124664622456,0.116
2,44,SG,0.37775771121446367,0.3721543933474779,121,0.29837944552254286,7440,0.33360845698027775,334.224092790353,0.940242384030709,0.44801582127565687,0.02684929451598752,15.309461283439035
3,44,AS,0.4378289682211311,0.43241506659194623,122,0.4099696089002744,11280,0.41726854882921954,304.866067235688,0.3820044300792932,14.859382530843078,0.0024625281503696333,
3,44,DB,0.4378289682211311,0.43241506659194623,122,0.4099696089002744,11280,0.41726854882921954,313.00169422443014,0.39044520189630866,17.638268446441646,0.003913724396640794,0.21428570000000002
3,44,VS,0.4378289682211311,0.43241506659194623,122,0.4099696089002744,11280,0.41726854882921954,316.9221631800908,0.7063652496293048,0.4673996639435494,0.02586066367667563,0.116
3,44,SG,0.4378289682211311,0.43241506659194623,122,0.4099696089002744,11280,0.41726854882921954,301.95810615190805,0.6268616673077753,0.5208549761766154,0.021833546721856226,15.759216506910763
4,44,AS,0.31592796203549356,0.2844170583280814,123,0.2505796175360305,15120,0.31623793666816846,384.36002150117497,0.6989034499462159,1.6103211359199394,0.017643132039765565,
4,44,DB,0.31592796203549356,0.2844170583280814,123,0.2505796175360305,15120,0.31623793666816846,367.26811954162594,0.7811643020723147,0.39643384536206455,0.024744139514769076,0.21524374782559935
4,44,VS,0.31592796203549356,0.2844170583280814,123,0.2505796175360305,15120,0.31623793666816846,402.53507670859824,1.9362939966367514,0.06598050346052634,0.0771624153714885,0.116
4,44,SG,0.31592796203549356,0.2844170583280814,123,0.2505796175360305,15120,0.31623793666816846,367.4346157638548,1.0879771214316878,0.29975104840940786,0.03838651647160182,17.819843887283238
1,45,AS,0.3778096348344604,0.3883264599306283,124,0.33960031345499153,3720,0.3785532525190036,328.5473162111147,1.8376140431624939,0.013891111130730922,0.05306210256711417,
1,45,DB,0.3778096348344604,0.3883264599306283,124,0.33960031345499153,3720,0.3785532525190036,333.79678485005525,1.8461679232940722,0.013568388592703791,0.05485098543991258,0.21428570000000002
1,45,VS,0.3778096348344604,0.3883264599306283,124,0.33960031345499153,3720,0.3785532525190036,354.7195201813315,1.6868423932875403,0.006740672202293815,0.06913906965967029,0.11600723083671118
1,45,SG,0.3778096348344604,0.3883264599306283,124,0.33960031345499153,3720,0.3785532525190036,334.1962031320952,1.794052394176056,0.012799467083409503,0.05367002190085371,18.999999999999996
2,45,AS,0.442515767277535,0.3863476440959082,125,0.2814146320549501,7560,0.3580462302360097,329.6101946735371,0.7190450526030262,0.466005423725752,0.02370932357884069,
2,45,DB,0.442515767277535,0.3863476440959082,125,0.2814146320549501,7560,0.3580462302360097,344.8116918113652,0.695489771488286,0.9505027900114837,0.022747548027715923,0.21428570000000002
2,45,VS,0.442515767277535,0.3863476440959082,125,0.2814146320549501,7560,0.3580462302360097,385.97271034504286,2.0637389708338127,0.006737946999085468,0.09442234257954538,0.116
2,45,SG,0.442515767277535,0.3863476440959082,125,0.2814146320549501,7560,0.3580462302360097,299.4406926122809,0.8787112121155323,0.39740839004206696,0.03215091724752578,14.95846947212663
3,45,AS,0.36753067524130384,0.38480731270940804,126,0.3589532901362707,11400,0.3690013428444503,330.4375506239889,1.0342647673294005,0.006737946999085468,0.053669159762684535,
3,45,DB,0.36753067524130384,0.38480731270940804,126,0.3589532901362707,11400,0.3690013428444503,338.9273881583324,1.0574920436040243,0.006737946999085468,0.0560502753301907,0.21428570000000002
3,45,VS,0.36753067524130384,0.38480731270940804,126,0.3589532901362707,11400,0.3690013428444503,344.3244840504414,0.9938362816725077,0.006737946999085468,0.06131936628172145,0.116
3,45,SG,0.36753067524130384,0.38480731270940804,126,0.3589532901362707,11400,0.3690013428444503,339.71732570246354,0.9302548936552377,0.006737946999085468,0.05609508105095449,18.999999999999996
4,45,AS,0.07063499128545887,0.19105464756646523,127,0.19272011778503573,15240,0.20099062496676107,434.5076369877789,0.7749503670772302,0.3503552603914615,0.03347899021558831,
4,45,DB,0.07063499128545887,0.19105464756646523,127,0.19272011778503573,15240,0.20099062496676107,429.1707399422876,0.5981930513508251,0.4135463618128906,0.020551921579694807,0.21428570000000002
4,45,VS,0.07063499128545887,0.19105464756646523,127,0.19272011778503573,15240,0.20099062496676107,433.61306539902137,1.7339585463392824,0.006737946999085468,0.10721171610517927,0.116
4,45,SG,0.07063499128545887,0.19105464756646523,127,0.19272011778503573,15240,0.20099062496676107,499.1884712865824,1.118484779051702,0.3008332776650411,0.05500686926764822,18.999999999999996
