,agent,group,model,AS_fit,DB_fit,VS_fit,SG_fit
0,0.0,0.0,SG,,,,
15,1.0,0.0,VS,,,,
30,2.0,0.0,DB,,,,
45,3.0,0.0,SG,,,,
480,0.0,1.0,AS,,,,
495,1.0,1.0,AS,,,,
510,2.0,1.0,SG,,,,
525,3.0,1.0,DB,,,,
960,0.0,2.0,SG,,,,
975,1.0,2.0,AS,,,,
990,2.0,2.0,DB,,,,
1005,3.0,2.0,DB,,,,
1440,0.0,3.0,AS,,,,
1455,1.0,3.0,VS,,,,
1470,2.0,3.0,VS,,,,
1485,3.0,3.0,DB,,,,
1920,0.0,4.0,AS,,,,
1935,1.0,4.0,DB,,,,
1950,2.0,4.0,DB,,,,
1965,3.0,4.0,VS,,,,
2400,0.0,5.0,AS,,,,
2415,1.0,5.0,VS,,,,
2430,2.0,5.0,VS,,,,
2445,3.0,5.0,VS,,,,
2880,0.0,6.0,AS,,,,
2895,1.0,6.0,SG,,,,
2910,2.0,6.0,DB,,,,
2925,3.0,6.0,AS,,,,
3360,0.0,7.0,SG,,,,
3375,1.0,7.0,DB,,,,
3390,2.0,7.0,VS,,,,
3405,3.0,7.0,DB,,,,
3840,0.0,8.0,VS,,,,
3855,1.0,8.0,DB,,,,
3870,2.0,8.0,VS,,,,
3885,3.0,8.0,DB,,,,
4320,0.0,9.0,VS,,,,
4335,1.0,9.0,AS,,,,
4350,2.0,9.0,DB,,,,
4365,3.0,9.0,SG,,,,
4800,0.0,10.0,SG,,,,
4815,1.0,10.0,SG,,,,
4830,2.0,10.0,SG,,,,
4845,3.0,10.0,DB,,,,
5280,0.0,11.0,SG,,,,
5295,1.0,11.0,SG,,,,
5310,2.0,11.0,VS,,,,
5325,3.0,11.0,VS,,,,
5760,0.0,12.0,AS,,,,
5775,1.0,12.0,VS,,,,
5790,2.0,12.0,AS,,,,
5805,3.0,12.0,DB,,,,
6240,0.0,13.0,VS,,,,
6255,1.0,13.0,AS,,,,
6270,2.0,13.0,VS,,,,
6285,3.0,13.0,DB,,,,
6720,0.0,14.0,VS,,,,
6735,1.0,14.0,DB,,,,
6750,2.0,14.0,VS,,,,
6765,3.0,14.0,VS,,,,
7200,0.0,15.0,AS,,,,
7215,1.0,15.0,SG,,,,
7230,2.0,15.0,SG,,,,
7245,3.0,15.0,SG,,,,
7680,0.0,16.0,DB,,,,
7695,1.0,16.0,AS,,,,
7710,2.0,16.0,AS,,,,
7725,3.0,16.0,AS,,,,
8160,0.0,17.0,DB,,,,
8175,1.0,17.0,DB,,,,
8190,2.0,17.0,DB,,,,
8205,3.0,17.0,AS,,,,
8640,0.0,18.0,DB,,,,
8655,1.0,18.0,AS,,,,
8670,2.0,18.0,VS,,,,
8685,3.0,18.0,VS,,,,
9120,0.0,19.0,DB,,,,
9135,1.0,19.0,AS,,,,
9150,2.0,19.0,AS,,,,
9165,3.0,19.0,AS,,,,
9600,0.0,20.0,VS,,,,
9615,1.0,20.0,DB,,,,
9630,2.0,20.0,SG,,,,
9645,3.0,20.0,SG,,,,
10080,0.0,21.0,SG,,,,
10095,1.0,21.0,AS,,,,
10110,2.0,21.0,SG,,,,
10125,3.0,21.0,DB,,,,
10560,0.0,22.0,SG,,,,
10575,1.0,22.0,VS,,,,
10590,2.0,22.0,SG,,,,
10605,3.0,22.0,VS,,,,
11040,0.0,23.0,SG,,,,
11055,1.0,23.0,SG,,,,
11070,2.0,23.0,AS,,,,
11085,3.0,23.0,VS,,,,
11520,0.0,24.0,SG,,,,
11535,1.0,24.0,AS,,,,
11550,2.0,24.0,DB,,,,
11565,3.0,24.0,VS,,,,
12000,0.0,25.0,SG,,,,
12015,1.0,25.0,DB,,,,
12030,2.0,25.0,SG,,,,
12045,3.0,25.0,VS,,,,
12480,0.0,26.0,DB,,,,
12495,1.0,26.0,SG,,,,
12510,2.0,26.0,DB,,,,
12525,3.0,26.0,DB,,,,
12960,0.0,27.0,AS,,,,
12975,1.0,27.0,DB,,,,
12990,2.0,27.0,SG,,,,
13005,3.0,27.0,SG,,,,
13440,0.0,28.0,DB,,,,
13455,1.0,28.0,DB,,,,
13470,2.0,28.0,DB,,,,
13485,3.0,28.0,DB,,,,
13920,0.0,29.0,SG,,,,
13935,1.0,29.0,DB,,,,
13950,2.0,29.0,VS,,,,
13965,3.0,29.0,VS,,,,
14400,0.0,30.0,AS,,,,
14415,1.0,30.0,SG,,,,
14430,2.0,30.0,VS,,,,
14445,3.0,30.0,SG,,,,
14880,0.0,31.0,DB,,,,
14895,1.0,31.0,DB,,,,
14910,2.0,31.0,SG,,,,
14925,3.0,31.0,VS,,,,
15360,0.0,32.0,SG,,,,
15375,1.0,32.0,SG,,,,
15390,2.0,32.0,DB,,,,
15405,3.0,32.0,VS,,,,
15840,0.0,33.0,VS,,,,
15855,1.0,33.0,AS,,,,
15870,2.0,33.0,AS,,,,
15885,3.0,33.0,DB,,,,
16320,0.0,34.0,AS,,,,
16335,1.0,34.0,AS,,,,
16350,2.0,34.0,AS,,,,
16365,3.0,34.0,DB,,,,
16800,0.0,35.0,DB,,,,
16815,1.0,35.0,SG,,,,
16830,2.0,35.0,DB,,,,
16845,3.0,35.0,VS,,,,
17280,0.0,36.0,SG,,,,
17295,1.0,36.0,AS,,,,
17310,2.0,36.0,AS,,,,
17325,3.0,36.0,VS,,,,
17760,0.0,37.0,SG,,,,
17775,1.0,37.0,DB,,,,
17790,2.0,37.0,SG,,,,
17805,3.0,37.0,DB,,,,
18240,0.0,38.0,AS,,,,
18255,1.0,38.0,DB,,,,
18270,2.0,38.0,AS,,,,
18285,3.0,38.0,VS,,,,
18720,0.0,39.0,VS,,,,
18735,1.0,39.0,SG,,,,
18750,2.0,39.0,DB,,,,
18765,3.0,39.0,VS,,,,
19200,0.0,40.0,SG,,,,
19215,1.0,40.0,SG,,,,
19230,2.0,40.0,SG,,,,
19245,3.0,40.0,SG,,,,
19680,0.0,41.0,VS,,,,
19695,1.0,41.0,SG,,,,
19710,2.0,41.0,SG,,,,
19725,3.0,41.0,AS,,,,
20160,0.0,42.0,VS,,,,
20175,1.0,42.0,SG,,,,
20190,2.0,42.0,VS,,,,
20205,3.0,42.0,DB,,,,
20640,0.0,43.0,AS,,,,
20655,1.0,43.0,VS,,,,
20670,2.0,43.0,AS,,,,
20685,3.0,43.0,DB,,,,
21120,0.0,44.0,VS,,,,
21135,1.0,44.0,DB,,,,
21150,2.0,44.0,AS,,,,
21165,3.0,44.0,AS,,,,
21600,0.0,45.0,SG,,,,
21615,1.0,45.0,SG,,,,
21630,2.0,45.0,VS,,,,
21645,3.0,45.0,VS,,,,
22080,0.0,46.0,AS,,,,
22095,1.0,46.0,AS,,,,
22110,2.0,46.0,DB,,,,
22125,3.0,46.0,DB,,,,
22560,0.0,47.0,AS,,,,
22575,1.0,47.0,AS,,,,
22590,2.0,47.0,SG,,,,
22605,3.0,47.0,AS,,,,
23040,0.0,48.0,DB,,,,
23055,1.0,48.0,SG,,,,
23070,2.0,48.0,DB,,,,
23085,3.0,48.0,VS,,,,
23520,0.0,49.0,AS,,,,
23535,1.0,49.0,DB,,,,
23550,2.0,49.0,SG,,,,
23565,3.0,49.0,SG,,,,
24000,0.0,50.0,DB,,,,
24015,1.0,50.0,VS,,,,
24030,2.0,50.0,SG,,,,
24045,3.0,50.0,DB,,,,
24480,0.0,51.0,VS,,,,
24495,1.0,51.0,SG,,,,
24510,2.0,51.0,AS,,,,
24525,3.0,51.0,AS,,,,
24960,0.0,52.0,VS,,,,
24975,1.0,52.0,DB,,,,
24990,2.0,52.0,SG,,,,
25005,3.0,52.0,AS,,,,
25440,0.0,53.0,VS,,,,
25455,1.0,53.0,SG,,,,
25470,2.0,53.0,VS,,,,
25485,3.0,53.0,DB,,,,
25920,0.0,54.0,SG,,,,
25935,1.0,54.0,AS,,,,
25950,2.0,54.0,VS,,,,
25965,3.0,54.0,VS,,,,
26400,0.0,55.0,DB,,,,
26415,1.0,55.0,DB,,,,
26430,2.0,55.0,SG,,,,
26445,3.0,55.0,DB,,,,
26880,0.0,56.0,VS,,,,
26895,1.0,56.0,DB,,,,
26910,2.0,56.0,SG,,,,
26925,3.0,56.0,SG,,,,
27360,0.0,57.0,VS,,,,
27375,1.0,57.0,AS,,,,
27390,2.0,57.0,SG,,,,
27405,3.0,57.0,AS,,,,
27840,0.0,58.0,DB,,,,
27855,1.0,58.0,DB,,,,
27870,2.0,58.0,SG,,,,
27885,3.0,58.0,DB,,,,
28320,0.0,59.0,SG,,,,
28335,1.0,59.0,DB,,,,
28350,2.0,59.0,DB,,,,
28365,3.0,59.0,VS,,,,
28800,0.0,60.0,VS,,,,
28815,1.0,60.0,VS,,,,
28830,2.0,60.0,VS,,,,
28845,3.0,60.0,DB,,,,
29280,0.0,61.0,SG,,,,
29295,1.0,61.0,DB,,,,
29310,2.0,61.0,SG,,,,
29325,3.0,61.0,AS,,,,
29760,0.0,62.0,AS,,,,
29775,1.0,62.0,VS,,,,
29790,2.0,62.0,AS,,,,
29805,3.0,62.0,AS,,,,
30240,0.0,63.0,SG,,,,
30255,1.0,63.0,SG,,,,
30270,2.0,63.0,VS,,,,
30285,3.0,63.0,SG,,,,
30720,0.0,64.0,AS,,,,
30735,1.0,64.0,VS,,,,
30750,2.0,64.0,AS,,,,
30765,3.0,64.0,AS,,,,
31200,0.0,65.0,DB,,,,
31215,1.0,65.0,DB,,,,
31230,2.0,65.0,DB,,,,
31245,3.0,65.0,AS,,,,
31680,0.0,66.0,VS,,,,
31695,1.0,66.0,AS,,,,
31710,2.0,66.0,SG,,,,
31725,3.0,66.0,SG,,,,
32160,0.0,67.0,VS,,,,
32175,1.0,67.0,DB,,,,
32190,2.0,67.0,SG,,,,
32205,3.0,67.0,VS,,,,
32640,0.0,68.0,VS,,,,
32655,1.0,68.0,AS,,,,
32670,2.0,68.0,VS,,,,
32685,3.0,68.0,SG,,,,
33120,0.0,69.0,DB,,,,
33135,1.0,69.0,VS,,,,
33150,2.0,69.0,AS,,,,
33165,3.0,69.0,AS,,,,
33600,0.0,70.0,SG,,,,
33615,1.0,70.0,VS,,,,
33630,2.0,70.0,DB,,,,
33645,3.0,70.0,VS,,,,
34080,0.0,71.0,DB,,,,
34095,1.0,71.0,DB,,,,
34110,2.0,71.0,SG,,,,
34125,3.0,71.0,DB,,,,
34560,0.0,72.0,DB,,,,
34575,1.0,72.0,AS,,,,
34590,2.0,72.0,SG,,,,
34605,3.0,72.0,AS,,,,
35040,0.0,73.0,AS,,,,
35055,1.0,73.0,DB,,,,
35070,2.0,73.0,AS,,,,
35085,3.0,73.0,VS,,,,
35520,0.0,74.0,AS,,,,
35535,1.0,74.0,AS,,,,
35550,2.0,74.0,AS,,,,
35565,3.0,74.0,AS,,,,
36000,0.0,75.0,DB,,,,
36015,1.0,75.0,SG,,,,
36030,2.0,75.0,SG,,,,
36045,3.0,75.0,VS,,,,
36480,0.0,76.0,AS,,,,
36495,1.0,76.0,AS,,,,
36510,2.0,76.0,AS,,,,
36525,3.0,76.0,DB,,,,
36960,0.0,77.0,AS,,,,
36975,1.0,77.0,VS,,,,
36990,2.0,77.0,VS,,,,
37005,3.0,77.0,DB,,,,
37440,0.0,78.0,AS,,,,
37455,1.0,78.0,AS,,,,
37470,2.0,78.0,AS,,,,
37485,3.0,78.0,VS,,,,
37920,0.0,79.0,VS,,,,
37935,1.0,79.0,AS,,,,
37950,2.0,79.0,AS,,,,
37965,3.0,79.0,DB,,,,
38400,0.0,80.0,DB,,,,
38415,1.0,80.0,SG,,,,
38430,2.0,80.0,SG,,,,
38445,3.0,80.0,DB,,,,
38880,0.0,81.0,DB,,,,
38895,1.0,81.0,AS,,,,
38910,2.0,81.0,VS,,,,
38925,3.0,81.0,AS,,,,
39360,0.0,82.0,VS,,,,
39375,1.0,82.0,DB,,,,
39390,2.0,82.0,SG,,,,
39405,3.0,82.0,VS,,,,
39840,0.0,83.0,SG,,,,
39855,1.0,83.0,AS,,,,
39870,2.0,83.0,SG,,,,
39885,3.0,83.0,VS,,,,
40320,0.0,84.0,VS,,,,
40335,1.0,84.0,DB,,,,
40350,2.0,84.0,AS,,,,
40365,3.0,84.0,DB,,,,
40800,0.0,85.0,AS,,,,
40815,1.0,85.0,SG,,,,
40830,2.0,85.0,VS,,,,
40845,3.0,85.0,SG,,,,
41280,0.0,86.0,SG,,,,
41295,1.0,86.0,DB,,,,
41310,2.0,86.0,SG,,,,
41325,3.0,86.0,AS,,,,
41760,0.0,87.0,DB,,,,
41775,1.0,87.0,SG,,,,
41790,2.0,87.0,DB,,,,
41805,3.0,87.0,SG,,,,
42240,0.0,88.0,VS,,,,
42255,1.0,88.0,AS,,,,
42270,2.0,88.0,SG,,,,
42285,3.0,88.0,DB,,,,
42720,0.0,89.0,SG,,,,
42735,1.0,89.0,VS,,,,
42750,2.0,89.0,DB,,,,
42765,3.0,89.0,VS,,,,
43200,0.0,90.0,VS,,,,
43215,1.0,90.0,AS,,,,
43230,2.0,90.0,VS,,,,
43245,3.0,90.0,VS,,,,
43680,0.0,91.0,VS,,,,
43695,1.0,91.0,AS,,,,
43710,2.0,91.0,VS,,,,
43725,3.0,91.0,AS,,,,
44160,0.0,92.0,AS,,,,
44175,1.0,92.0,VS,,,,
44190,2.0,92.0,SG,,,,
44205,3.0,92.0,DB,,,,
44640,0.0,93.0,VS,,,,
44655,1.0,93.0,SG,,,,
44670,2.0,93.0,DB,,,,
44685,3.0,93.0,VS,,,,
45120,0.0,94.0,DB,,,,
45135,1.0,94.0,DB,,,,
45150,2.0,94.0,DB,,,,
45165,3.0,94.0,SG,,,,
45600,0.0,95.0,SG,,,,
45615,1.0,95.0,DB,,,,
45630,2.0,95.0,DB,,,,
45645,3.0,95.0,SG,,,,
46080,0.0,96.0,AS,,,,
46095,1.0,96.0,SG,,,,
46110,2.0,96.0,AS,,,,
46125,3.0,96.0,DB,,,,
46560,0.0,97.0,DB,,,,
46575,1.0,97.0,SG,,,,
46590,2.0,97.0,VS,,,,
46605,3.0,97.0,AS,,,,
47040,0.0,98.0,AS,,,,
47055,1.0,98.0,SG,,,,
47070,2.0,98.0,DB,,,,
47085,3.0,98.0,SG,,,,
47520,0.0,99.0,VS,,,,
47535,1.0,99.0,AS,,,,
47550,2.0,99.0,AS,,,,
47565,3.0,99.0,AS,,,,
48000,0.0,100.0,AS,,,,
48015,1.0,100.0,SG,,,,
48030,2.0,100.0,DB,,,,
48045,3.0,100.0,SG,,,,
48480,0.0,101.0,DB,,,,
48495,1.0,101.0,SG,,,,
48510,2.0,101.0,DB,,,,
48525,3.0,101.0,AS,,,,
48960,0.0,102.0,VS,,,,
48975,1.0,102.0,DB,,,,
48990,2.0,102.0,VS,,,,
49005,3.0,102.0,DB,,,,
49440,0.0,103.0,VS,,,,
49455,1.0,103.0,VS,,,,
49470,2.0,103.0,DB,,,,
49485,3.0,103.0,SG,,,,
49920,0.0,104.0,AS,,,,
49935,1.0,104.0,DB,,,,
49950,2.0,104.0,AS,,,,
49965,3.0,104.0,DB,,,,
50400,0.0,105.0,SG,,,,
50415,1.0,105.0,SG,,,,
50430,2.0,105.0,AS,,,,
50445,3.0,105.0,AS,,,,
50880,0.0,106.0,AS,,,,
50895,1.0,106.0,AS,,,,
50910,2.0,106.0,DB,,,,
50925,3.0,106.0,AS,,,,
51360,0.0,107.0,VS,,,,
51375,1.0,107.0,DB,,,,
51390,2.0,107.0,DB,,,,
51405,3.0,107.0,DB,,,,
51840,0.0,108.0,AS,,,,
51855,1.0,108.0,AS,,,,
51870,2.0,108.0,VS,,,,
51885,3.0,108.0,AS,,,,
52320,0.0,109.0,AS,,,,
52335,1.0,109.0,VS,,,,
52350,2.0,109.0,SG,,,,
52365,3.0,109.0,DB,,,,
52800,0.0,110.0,SG,,,,
52815,1.0,110.0,AS,,,,
52830,2.0,110.0,DB,,,,
52845,3.0,110.0,AS,,,,
53280,0.0,111.0,DB,,,,
53295,1.0,111.0,SG,,,,
53310,2.0,111.0,DB,,,,
53325,3.0,111.0,DB,,,,
53760,0.0,112.0,SG,,,,
53775,1.0,112.0,VS,,,,
53790,2.0,112.0,DB,,,,
53805,3.0,112.0,DB,,,,
54240,0.0,113.0,VS,,,,
54255,1.0,113.0,SG,,,,
54270,2.0,113.0,DB,,,,
54285,3.0,113.0,VS,,,,
54720,0.0,114.0,VS,,,,
54735,1.0,114.0,AS,,,,
54750,2.0,114.0,DB,,,,
54765,3.0,114.0,DB,,,,
55200,0.0,115.0,SG,,,,
55215,1.0,115.0,AS,,,,
55230,2.0,115.0,SG,,,,
55245,3.0,115.0,DB,,,,
55680,0.0,116.0,SG,,,,
55695,1.0,116.0,SG,,,,
55710,2.0,116.0,AS,,,,
55725,3.0,116.0,AS,,,,
56160,0.0,117.0,SG,,,,
56175,1.0,117.0,SG,,,,
56190,2.0,117.0,VS,,,,
56205,3.0,117.0,AS,,,,
56640,0.0,118.0,DB,,,,
56655,1.0,118.0,AS,,,,
56670,2.0,118.0,DB,,,,
56685,3.0,118.0,AS,,,,
57120,0.0,119.0,SG,,,,
57135,1.0,119.0,SG,,,,
57150,2.0,119.0,DB,,,,
57165,3.0,119.0,DB,,,,
57600,0.0,120.0,DB,,,,
57615,1.0,120.0,DB,,,,
57630,2.0,120.0,SG,,,,
57645,3.0,120.0,SG,,,,
58080,0.0,121.0,VS,,,,
58095,1.0,121.0,SG,,,,
58110,2.0,121.0,DB,,,,
58125,3.0,121.0,DB,,,,
58560,0.0,122.0,AS,,,,
58575,1.0,122.0,SG,,,,
58590,2.0,122.0,SG,,,,
58605,3.0,122.0,AS,,,,
59040,0.0,123.0,SG,,,,
59055,1.0,123.0,SG,,,,
59070,2.0,123.0,AS,,,,
59085,3.0,123.0,VS,,,,
59520,0.0,124.0,VS,,,,
59535,1.0,124.0,DB,,,,
59550,2.0,124.0,VS,,,,
59565,3.0,124.0,DB,,,,
60000,0.0,125.0,VS,,,,
60015,1.0,125.0,SG,,,,
60030,2.0,125.0,VS,,,,
60045,3.0,125.0,DB,,,,
60480,0.0,126.0,SG,,,,
60495,1.0,126.0,VS,,,,
60510,2.0,126.0,DB,,,,
60525,3.0,126.0,VS,,,,
60960,0.0,127.0,DB,,,,
60975,1.0,127.0,VS,,,,
60990,2.0,127.0,SG,,,,
61005,3.0,127.0,AS,,,,
61440,0.0,128.0,AS,,,,
61455,1.0,128.0,SG,,,,
61470,2.0,128.0,SG,,,,
61485,3.0,128.0,VS,,,,
61920,0.0,129.0,VS,,,,
61935,1.0,129.0,VS,,,,
61950,2.0,129.0,SG,,,,
61965,3.0,129.0,DB,,,,
62400,0.0,130.0,AS,,,,
62415,1.0,130.0,DB,,,,
62430,2.0,130.0,SG,,,,
62445,3.0,130.0,VS,,,,
62880,0.0,131.0,AS,,,,
62895,1.0,131.0,DB,,,,
62910,2.0,131.0,SG,,,,
62925,3.0,131.0,AS,,,,
63360,0.0,132.0,VS,,,,
63375,1.0,132.0,VS,,,,
63390,2.0,132.0,AS,,,,
63405,3.0,132.0,DB,,,,
63840,0.0,133.0,DB,,,,
63855,1.0,133.0,VS,,,,
63870,2.0,133.0,SG,,,,
63885,3.0,133.0,DB,,,,
64320,0.0,134.0,AS,,,,
64335,1.0,134.0,VS,,,,
64350,2.0,134.0,VS,,,,
64365,3.0,134.0,AS,,,,
64800,0.0,135.0,DB,,,,
64815,1.0,135.0,AS,,,,
64830,2.0,135.0,DB,,,,
64845,3.0,135.0,VS,,,,
65280,0.0,136.0,DB,,,,
65295,1.0,136.0,SG,,,,
65310,2.0,136.0,DB,,,,
65325,3.0,136.0,AS,,,,
65760,0.0,137.0,SG,,,,
65775,1.0,137.0,VS,,,,
65790,2.0,137.0,VS,,,,
65805,3.0,137.0,AS,,,,
66240,0.0,138.0,VS,,,,
66255,1.0,138.0,VS,,,,
66270,2.0,138.0,SG,,,,
66285,3.0,138.0,AS,,,,
66720,0.0,139.0,VS,,,,
66735,1.0,139.0,AS,,,,
66750,2.0,139.0,VS,,,,
66765,3.0,139.0,VS,,,,
67200,0.0,140.0,SG,,,,
67215,1.0,140.0,SG,,,,
67230,2.0,140.0,AS,,,,
67245,3.0,140.0,AS,,,,
67680,0.0,141.0,VS,,,,
67695,1.0,141.0,VS,,,,
67710,2.0,141.0,VS,,,,
67725,3.0,141.0,DB,,,,
68160,0.0,142.0,AS,,,,
68175,1.0,142.0,SG,,,,
68190,2.0,142.0,SG,,,,
68205,3.0,142.0,VS,,,,
68640,0.0,143.0,DB,,,,
68655,1.0,143.0,VS,,,,
68670,2.0,143.0,AS,,,,
68685,3.0,143.0,SG,,,,
69120,0.0,144.0,VS,,,,
69135,1.0,144.0,SG,,,,
69150,2.0,144.0,SG,,,,
69165,3.0,144.0,VS,,,,
69600,0.0,145.0,AS,,,,
69615,1.0,145.0,DB,,,,
69630,2.0,145.0,SG,,,,
69645,3.0,145.0,SG,,,,
70080,0.0,146.0,SG,,,,
70095,1.0,146.0,DB,,,,
70110,2.0,146.0,AS,,,,
70125,3.0,146.0,VS,,,,
70560,0.0,147.0,SG,,,,
70575,1.0,147.0,SG,,,,
70590,2.0,147.0,AS,,,,
70605,3.0,147.0,VS,,,,
71040,0.0,148.0,VS,,,,
71055,1.0,148.0,AS,,,,
71070,2.0,148.0,DB,,,,
71085,3.0,148.0,AS,,,,
71520,0.0,149.0,VS,,,,
71535,1.0,149.0,AS,,,,
71550,2.0,149.0,DB,,,,
71565,3.0,149.0,VS,,,,
72000,0.0,150.0,VS,48.98954547404024,48.743716149841056,48.13204623201785,48.72076422942655
72015,1.0,150.0,DB,49.34946636927124,47.92904291799506,51.000911137942104,49.98099910353846
72030,2.0,150.0,VS,64.03451083031239,64.0839862851664,63.9226871323986,63.970078474284534
72045,3.0,150.0,VS,57.09586011646171,57.01124301819441,55.61244318280267,56.916330010838365
72480,0.0,151.0,VS,,,,
72495,1.0,151.0,AS,,,,
72510,2.0,151.0,VS,,,,
72525,3.0,151.0,AS,,,,
72960,0.0,152.0,DB,,,,
72975,1.0,152.0,VS,,,,
72990,2.0,152.0,DB,,,,
73005,3.0,152.0,AS,,,,
73440,0.0,153.0,SG,,,,
73455,1.0,153.0,AS,,,,
73470,2.0,153.0,SG,,,,
73485,3.0,153.0,SG,,,,
73920,0.0,154.0,VS,,,,
73935,1.0,154.0,VS,,,,
73950,2.0,154.0,VS,,,,
73965,3.0,154.0,VS,,,,
74400,0.0,155.0,DB,,,,
74415,1.0,155.0,DB,,,,
74430,2.0,155.0,VS,,,,
74445,3.0,155.0,VS,,,,
74880,0.0,156.0,AS,,,,
74895,1.0,156.0,DB,,,,
74910,2.0,156.0,AS,,,,
74925,3.0,156.0,SG,,,,
75360,0.0,157.0,AS,,,,
75375,1.0,157.0,SG,,,,
75390,2.0,157.0,SG,,,,
75405,3.0,157.0,SG,,,,
75840,0.0,158.0,AS,,,,
75855,1.0,158.0,AS,,,,
75870,2.0,158.0,VS,,,,
75885,3.0,158.0,DB,,,,
76320,0.0,159.0,SG,,,,
76335,1.0,159.0,VS,,,,
76350,2.0,159.0,VS,,,,
76365,3.0,159.0,VS,,,,
76800,0.0,160.0,AS,,,,
76815,1.0,160.0,VS,,,,
76830,2.0,160.0,AS,,,,
76845,3.0,160.0,SG,,,,
77280,0.0,161.0,SG,,,,
77295,1.0,161.0,SG,,,,
77310,2.0,161.0,AS,,,,
77325,3.0,161.0,SG,,,,
77760,0.0,162.0,SG,,,,
77775,1.0,162.0,AS,,,,
77790,2.0,162.0,DB,,,,
77805,3.0,162.0,VS,,,,
78240,0.0,163.0,VS,,,,
78255,1.0,163.0,SG,,,,
78270,2.0,163.0,DB,,,,
78285,3.0,163.0,VS,,,,
78720,0.0,164.0,SG,,,,
78735,1.0,164.0,VS,,,,
78750,2.0,164.0,DB,,,,
78765,3.0,164.0,VS,,,,
79200,0.0,165.0,AS,,,,
79215,1.0,165.0,DB,,,,
79230,2.0,165.0,AS,,,,
79245,3.0,165.0,DB,,,,
79680,0.0,166.0,DB,,,,
79695,1.0,166.0,VS,,,,
79710,2.0,166.0,DB,,,,
79725,3.0,166.0,AS,,,,
80160,0.0,167.0,VS,,,,
80175,1.0,167.0,SG,,,,
80190,2.0,167.0,VS,,,,
80205,3.0,167.0,VS,,,,
80640,0.0,168.0,SG,,,,
80655,1.0,168.0,AS,,,,
80670,2.0,168.0,VS,,,,
80685,3.0,168.0,DB,,,,
81120,0.0,169.0,AS,,,,
81135,1.0,169.0,SG,,,,
81150,2.0,169.0,DB,,,,
81165,3.0,169.0,AS,,,,
81600,0.0,170.0,VS,,,,
81615,1.0,170.0,DB,,,,
81630,2.0,170.0,AS,,,,
81645,3.0,170.0,AS,,,,
82080,0.0,171.0,VS,,,,
82095,1.0,171.0,DB,,,,
82110,2.0,171.0,SG,,,,
82125,3.0,171.0,SG,,,,
82560,0.0,172.0,VS,,,,
82575,1.0,172.0,SG,,,,
82590,2.0,172.0,AS,,,,
82605,3.0,172.0,DB,,,,
83040,0.0,173.0,AS,,,,
83055,1.0,173.0,SG,,,,
83070,2.0,173.0,DB,,,,
83085,3.0,173.0,SG,,,,
83520,0.0,174.0,SG,,,,
83535,1.0,174.0,SG,,,,
83550,2.0,174.0,AS,,,,
83565,3.0,174.0,SG,,,,
84000,0.0,175.0,SG,,,,
84015,1.0,175.0,AS,,,,
84030,2.0,175.0,VS,,,,
84045,3.0,175.0,SG,,,,
84480,0.0,176.0,VS,,,,
84495,1.0,176.0,SG,,,,
84510,2.0,176.0,SG,,,,
84525,3.0,176.0,VS,,,,
84960,0.0,177.0,AS,,,,
84975,1.0,177.0,AS,,,,
84990,2.0,177.0,VS,,,,
85005,3.0,177.0,VS,,,,
85440,0.0,178.0,VS,,,,
85455,1.0,178.0,DB,,,,
85470,2.0,178.0,DB,,,,
85485,3.0,178.0,DB,,,,
85920,0.0,179.0,DB,,,,
85935,1.0,179.0,AS,,,,
85950,2.0,179.0,AS,,,,
85965,3.0,179.0,DB,,,,
86400,0.0,180.0,VS,,,,
86415,1.0,180.0,VS,,,,
86430,2.0,180.0,VS,,,,
86445,3.0,180.0,SG,,,,
86880,0.0,181.0,SG,,,,
86895,1.0,181.0,SG,,,,
86910,2.0,181.0,VS,,,,
86925,3.0,181.0,SG,,,,
87360,0.0,182.0,SG,,,,
87375,1.0,182.0,DB,,,,
87390,2.0,182.0,AS,,,,
87405,3.0,182.0,AS,,,,
87840,0.0,183.0,AS,,,,
87855,1.0,183.0,DB,,,,
87870,2.0,183.0,AS,,,,
87885,3.0,183.0,AS,,,,
88320,0.0,184.0,DB,,,,
88335,1.0,184.0,VS,,,,
88350,2.0,184.0,SG,,,,
88365,3.0,184.0,AS,,,,
88800,0.0,185.0,SG,,,,
88815,1.0,185.0,AS,,,,
88830,2.0,185.0,AS,,,,
88845,3.0,185.0,SG,,,,
89280,0.0,186.0,DB,,,,
89295,1.0,186.0,DB,,,,
89310,2.0,186.0,VS,,,,
89325,3.0,186.0,DB,,,,
89760,0.0,187.0,AS,,,,
89775,1.0,187.0,VS,,,,
89790,2.0,187.0,AS,,,,
89805,3.0,187.0,SG,,,,
90240,0.0,188.0,AS,,,,
90255,1.0,188.0,VS,,,,
90270,2.0,188.0,SG,,,,
90285,3.0,188.0,AS,,,,
90720,0.0,189.0,AS,,,,
90735,1.0,189.0,DB,,,,
90750,2.0,189.0,SG,,,,
90765,3.0,189.0,VS,,,,
91200,0.0,190.0,SG,,,,
91215,1.0,190.0,DB,,,,
91230,2.0,190.0,AS,,,,
91245,3.0,190.0,SG,,,,
91680,0.0,191.0,AS,,,,
91695,1.0,191.0,VS,,,,
91710,2.0,191.0,AS,,,,
91725,3.0,191.0,AS,,,,
92160,0.0,192.0,DB,,,,
92175,1.0,192.0,SG,,,,
92190,2.0,192.0,DB,,,,
92205,3.0,192.0,AS,,,,
92640,0.0,193.0,VS,,,,
92655,1.0,193.0,VS,,,,
92670,2.0,193.0,SG,,,,
92685,3.0,193.0,DB,,,,
93120,0.0,194.0,AS,,,,
93135,1.0,194.0,VS,,,,
93150,2.0,194.0,AS,,,,
93165,3.0,194.0,DB,,,,
93600,0.0,195.0,DB,,,,
93615,1.0,195.0,AS,,,,
93630,2.0,195.0,VS,,,,
93645,3.0,195.0,DB,,,,
94080,0.0,196.0,DB,,,,
94095,1.0,196.0,SG,,,,
94110,2.0,196.0,AS,,,,
94125,3.0,196.0,AS,,,,
94560,0.0,197.0,AS,,,,
94575,1.0,197.0,SG,,,,
94590,2.0,197.0,SG,,,,
94605,3.0,197.0,DB,,,,
95040,0.0,198.0,DB,,,,
95055,1.0,198.0,VS,,,,
95070,2.0,198.0,VS,,,,
95085,3.0,198.0,AS,,,,
95520,0.0,199.0,DB,,,,
95535,1.0,199.0,SG,,,,
95550,2.0,199.0,DB,,,,
95565,3.0,199.0,AS,,,,
96000,0.0,200.0,VS,,,,
96015,1.0,200.0,AS,,,,
96030,2.0,200.0,AS,,,,
96045,3.0,200.0,DB,,,,
96480,0.0,201.0,VS,,,,
96495,1.0,201.0,VS,,,,
96510,2.0,201.0,SG,,,,
96525,3.0,201.0,VS,,,,
96960,0.0,202.0,DB,,,,
96975,1.0,202.0,SG,,,,
96990,2.0,202.0,AS,,,,
97005,3.0,202.0,AS,,,,
97440,0.0,203.0,VS,,,,
97455,1.0,203.0,SG,,,,
97470,2.0,203.0,SG,,,,
97485,3.0,203.0,VS,,,,
97920,0.0,204.0,SG,,,,
97935,1.0,204.0,SG,,,,
97950,2.0,204.0,SG,,,,
97965,3.0,204.0,VS,,,,
98400,0.0,205.0,DB,,,,
98415,1.0,205.0,AS,,,,
98430,2.0,205.0,DB,,,,
98445,3.0,205.0,SG,,,,
98880,0.0,206.0,DB,,,,
98895,1.0,206.0,DB,,,,
98910,2.0,206.0,SG,,,,
98925,3.0,206.0,VS,,,,
99360,0.0,207.0,DB,,,,
99375,1.0,207.0,SG,,,,
99390,2.0,207.0,AS,,,,
99405,3.0,207.0,VS,,,,
99840,0.0,208.0,DB,,,,
99855,1.0,208.0,VS,,,,
99870,2.0,208.0,AS,,,,
99885,3.0,208.0,VS,,,,
100320,0.0,209.0,AS,,,,
100335,1.0,209.0,AS,,,,
100350,2.0,209.0,AS,,,,
100365,3.0,209.0,VS,,,,
100800,0.0,210.0,SG,,,,
100815,1.0,210.0,VS,,,,
100830,2.0,210.0,VS,,,,
100845,3.0,210.0,AS,,,,
101280,0.0,211.0,VS,,,,
101295,1.0,211.0,AS,,,,
101310,2.0,211.0,AS,,,,
101325,3.0,211.0,SG,,,,
101760,0.0,212.0,VS,,,,
101775,1.0,212.0,DB,,,,
101790,2.0,212.0,SG,,,,
101805,3.0,212.0,SG,,,,
102240,0.0,213.0,SG,,,,
102255,1.0,213.0,SG,,,,
102270,2.0,213.0,DB,,,,
102285,3.0,213.0,AS,,,,
102720,0.0,214.0,AS,,,,
102735,1.0,214.0,SG,,,,
102750,2.0,214.0,SG,,,,
102765,3.0,214.0,AS,,,,
103200,0.0,215.0,VS,,,,
103215,1.0,215.0,SG,,,,
103230,2.0,215.0,AS,,,,
103245,3.0,215.0,DB,,,,
103680,0.0,216.0,DB,,,,
103695,1.0,216.0,SG,,,,
103710,2.0,216.0,VS,,,,
103725,3.0,216.0,SG,,,,
104160,0.0,217.0,SG,,,,
104175,1.0,217.0,DB,,,,
104190,2.0,217.0,DB,,,,
104205,3.0,217.0,SG,,,,
104640,0.0,218.0,AS,,,,
104655,1.0,218.0,DB,,,,
104670,2.0,218.0,VS,,,,
104685,3.0,218.0,DB,,,,
105120,0.0,219.0,DB,,,,
105135,1.0,219.0,AS,,,,
105150,2.0,219.0,DB,,,,
105165,3.0,219.0,SG,,,,
105600,0.0,220.0,SG,,,,
105615,1.0,220.0,VS,,,,
105630,2.0,220.0,SG,,,,
105645,3.0,220.0,VS,,,,
106080,0.0,221.0,VS,,,,
106095,1.0,221.0,VS,,,,
106110,2.0,221.0,SG,,,,
106125,3.0,221.0,VS,,,,
106560,0.0,222.0,DB,,,,
106575,1.0,222.0,VS,,,,
106590,2.0,222.0,DB,,,,
106605,3.0,222.0,VS,,,,
107040,0.0,223.0,AS,,,,
107055,1.0,223.0,DB,,,,
107070,2.0,223.0,AS,,,,
107085,3.0,223.0,SG,,,,
107520,0.0,224.0,AS,,,,
107535,1.0,224.0,SG,,,,
107550,2.0,224.0,AS,,,,
107565,3.0,224.0,VS,,,,
108000,0.0,225.0,SG,,,,
108015,1.0,225.0,VS,,,,
108030,2.0,225.0,AS,,,,
108045,3.0,225.0,DB,,,,
108480,0.0,226.0,DB,,,,
108495,1.0,226.0,DB,,,,
108510,2.0,226.0,DB,,,,
108525,3.0,226.0,AS,,,,
108960,0.0,227.0,DB,,,,
108975,1.0,227.0,SG,,,,
108990,2.0,227.0,VS,,,,
109005,3.0,227.0,DB,,,,
109440,0.0,228.0,VS,,,,
109455,1.0,228.0,AS,,,,
109470,2.0,228.0,AS,,,,
109485,3.0,228.0,AS,,,,
109920,0.0,229.0,SG,,,,
109935,1.0,229.0,AS,,,,
109950,2.0,229.0,AS,,,,
109965,3.0,229.0,SG,,,,
110400,0.0,230.0,DB,,,,
110415,1.0,230.0,VS,,,,
110430,2.0,230.0,AS,,,,
110445,3.0,230.0,SG,,,,
110880,0.0,231.0,VS,,,,
110895,1.0,231.0,DB,,,,
110910,2.0,231.0,VS,,,,
110925,3.0,231.0,SG,,,,
111360,0.0,232.0,DB,,,,
111375,1.0,232.0,VS,,,,
111390,2.0,232.0,AS,,,,
111405,3.0,232.0,VS,,,,
111840,0.0,233.0,DB,,,,
111855,1.0,233.0,DB,,,,
111870,2.0,233.0,VS,,,,
111885,3.0,233.0,VS,,,,
112320,0.0,234.0,DB,,,,
112335,1.0,234.0,VS,,,,
112350,2.0,234.0,DB,,,,
112365,3.0,234.0,SG,,,,
112800,0.0,235.0,AS,,,,
112815,1.0,235.0,SG,,,,
112830,2.0,235.0,AS,,,,
112845,3.0,235.0,VS,,,,
113280,0.0,236.0,DB,,,,
113295,1.0,236.0,DB,,,,
113310,2.0,236.0,AS,,,,
113325,3.0,236.0,SG,,,,
113760,0.0,237.0,AS,,,,
113775,1.0,237.0,SG,,,,
113790,2.0,237.0,DB,,,,
113805,3.0,237.0,SG,,,,
114240,0.0,238.0,SG,,,,
114255,1.0,238.0,SG,,,,
114270,2.0,238.0,DB,,,,
114285,3.0,238.0,VS,,,,
114720,0.0,239.0,VS,,,,
114735,1.0,239.0,AS,,,,
114750,2.0,239.0,VS,,,,
114765,3.0,239.0,SG,,,,
115200,0.0,240.0,VS,,,,
115215,1.0,240.0,AS,,,,
115230,2.0,240.0,SG,,,,
115245,3.0,240.0,VS,,,,
115680,0.0,241.0,VS,,,,
115695,1.0,241.0,DB,,,,
115710,2.0,241.0,DB,,,,
115725,3.0,241.0,VS,,,,
116160,0.0,242.0,DB,,,,
116175,1.0,242.0,SG,,,,
116190,2.0,242.0,SG,,,,
116205,3.0,242.0,VS,,,,
116640,0.0,243.0,AS,,,,
116655,1.0,243.0,VS,,,,
116670,2.0,243.0,DB,,,,
116685,3.0,243.0,VS,,,,
117120,0.0,244.0,VS,,,,
117135,1.0,244.0,VS,,,,
117150,2.0,244.0,VS,,,,
117165,3.0,244.0,VS,,,,
117600,0.0,245.0,DB,,,,
117615,1.0,245.0,DB,,,,
117630,2.0,245.0,DB,,,,
117645,3.0,245.0,AS,,,,
118080,0.0,246.0,SG,,,,
118095,1.0,246.0,AS,,,,
118110,2.0,246.0,VS,,,,
118125,3.0,246.0,AS,,,,
118560,0.0,247.0,AS,,,,
118575,1.0,247.0,DB,,,,
118590,2.0,247.0,SG,,,,
118605,3.0,247.0,DB,,,,
119040,0.0,248.0,SG,,,,
119055,1.0,248.0,VS,,,,
119070,2.0,248.0,SG,,,,
119085,3.0,248.0,DB,,,,
119520,0.0,249.0,AS,,,,
119535,1.0,249.0,SG,,,,
119550,2.0,249.0,DB,,,,
119565,3.0,249.0,AS,,,,
120000,0.0,250.0,SG,,,,
120015,1.0,250.0,VS,,,,
120030,2.0,250.0,VS,,,,
120045,3.0,250.0,DB,,,,
120480,0.0,251.0,SG,,,,
120495,1.0,251.0,VS,,,,
120510,2.0,251.0,AS,,,,
120525,3.0,251.0,SG,,,,
120960,0.0,252.0,AS,,,,
120975,1.0,252.0,SG,,,,
120990,2.0,252.0,DB,,,,
121005,3.0,252.0,DB,,,,
121440,0.0,253.0,DB,,,,
121455,1.0,253.0,AS,,,,
121470,2.0,253.0,SG,,,,
121485,3.0,253.0,AS,,,,
121920,0.0,254.0,AS,,,,
121935,1.0,254.0,DB,,,,
121950,2.0,254.0,DB,,,,
121965,3.0,254.0,SG,,,,
122400,0.0,255.0,AS,,,,
122415,1.0,255.0,AS,,,,
122430,2.0,255.0,AS,,,,
122445,3.0,255.0,VS,,,,
122880,0.0,256.0,DB,,,,
122895,1.0,256.0,VS,,,,
122910,2.0,256.0,SG,,,,
122925,3.0,256.0,SG,,,,
123360,0.0,257.0,VS,,,,
123375,1.0,257.0,AS,,,,
123390,2.0,257.0,AS,,,,
123405,3.0,257.0,SG,,,,
123840,0.0,258.0,AS,,,,
123855,1.0,258.0,VS,,,,
123870,2.0,258.0,SG,,,,
123885,3.0,258.0,DB,,,,
124320,0.0,259.0,VS,,,,
124335,1.0,259.0,AS,,,,
124350,2.0,259.0,AS,,,,
124365,3.0,259.0,DB,,,,
